timestamp,building_id,demand_kw
2026-01-05T00:00:00,hostel_a,67.6996
2026-01-05T00:15:00,hostel_a,65.0904
2026-01-05T00:30:00,hostel_a,61.7073
2026-01-05T00:45:00,hostel_a,63.2013
2026-01-05T01:00:00,hostel_a,55.3252
2026-01-05T01:15:00,hostel_a,50.3236
2026-01-05T01:30:00,hostel_a,39.6097
2026-01-05T01:45:00,hostel_a,30.0204
2026-01-05T02:00:00,hostel_a,22.3998
2026-01-05T02:15:00,hostel_a,22.3367
2026-01-05T02:30:00,hostel_a,21.9103
2026-01-05T02:45:00,hostel_a,20.8940
2026-01-05T03:00:00,hostel_a,20.5667
2026-01-05T03:15:00,hostel_a,22.1561
2026-01-05T03:30:00,hostel_a,20.9998
2026-01-05T03:45:00,hostel_a,22.3351
2026-01-05T04:00:00,hostel_a,21.6252
2026-01-05T04:15:00,hostel_a,21.4406
2026-01-05T04:30:00,hostel_a,19.7966
2026-01-05T04:45:00,hostel_a,18.5750
2026-01-05T05:00:00,hostel_a,21.1571
2026-01-05T05:15:00,hostel_a,20.6483
2026-01-05T05:30:00,hostel_a,28.7765
2026-01-05T05:45:00,hostel_a,36.4105
2026-01-05T06:00:00,hostel_a,46.1273
2026-01-05T06:15:00,hostel_a,51.2395
2026-01-05T06:30:00,hostel_a,61.3587
2026-01-05T06:45:00,hostel_a,58.7469
2026-01-05T07:00:00,hostel_a,60.6927
2026-01-05T07:15:00,hostel_a,63.5256
2026-01-05T07:30:00,hostel_a,63.9378
2026-01-05T07:45:00,hostel_a,64.9927
2026-01-05T08:00:00,hostel_a,65.0838
2026-01-05T08:15:00,hostel_a,63.3358
2026-01-05T08:30:00,hostel_a,59.7072
2026-01-05T08:45:00,hostel_a,54.3371
2026-01-05T09:00:00,hostel_a,49.8375
2026-01-05T09:15:00,hostel_a,42.8165
2026-01-05T09:30:00,hostel_a,37.8495
2026-01-05T09:45:00,hostel_a,36.8144
2026-01-05T10:00:00,hostel_a,38.3812
2026-01-05T10:15:00,hostel_a,34.4285
2026-01-05T10:30:00,hostel_a,35.9510
2026-01-05T10:45:00,hostel_a,36.7981
2026-01-05T11:00:00,hostel_a,40.4766
2026-01-05T11:15:00,hostel_a,37.3569
2026-01-05T11:30:00,hostel_a,36.0502
2026-01-05T11:45:00,hostel_a,37.4666
2026-01-05T12:00:00,hostel_a,35.8845
2026-01-05T12:15:00,hostel_a,39.0940
2026-01-05T12:30:00,hostel_a,38.9881
2026-01-05T12:45:00,hostel_a,39.4029
2026-01-05T13:00:00,hostel_a,35.8257
2026-01-05T13:15:00,hostel_a,36.1339
2026-01-05T13:30:00,hostel_a,35.1224
2026-01-05T13:45:00,hostel_a,37.8665
2026-01-05T14:00:00,hostel_a,36.0782
2026-01-05T14:15:00,hostel_a,37.0203
2026-01-05T14:30:00,hostel_a,38.3536
2026-01-05T14:45:00,hostel_a,37.3874
2026-01-05T15:00:00,hostel_a,36.7510
2026-01-05T15:15:00,hostel_a,36.4854
2026-01-05T15:30:00,hostel_a,37.6575
2026-01-05T15:45:00,hostel_a,40.1233
2026-01-05T16:00:00,hostel_a,46.9531
2026-01-05T16:15:00,hostel_a,43.6584
2026-01-05T16:30:00,hostel_a,52.1711
2026-01-05T16:45:00,hostel_a,59.0907
2026-01-05T17:00:00,hostel_a,64.0837
2026-01-05T17:15:00,hostel_a,61.6974
2026-01-05T17:30:00,hostel_a,61.0761
2026-01-05T17:45:00,hostel_a,62.2976
2026-01-05T18:00:00,hostel_a,63.5518
2026-01-05T18:15:00,hostel_a,63.5325
2026-01-05T18:30:00,hostel_a,69.4921
2026-01-05T18:45:00,hostel_a,74.2196
2026-01-05T19:00:00,hostel_a,90.6978
2026-01-05T19:15:00,hostel_a,91.9785
2026-01-05T19:30:00,hostel_a,106.6152
2026-01-05T19:45:00,hostel_a,103.4551
2026-01-05T20:00:00,hostel_a,101.4563
2026-01-05T20:15:00,hostel_a,110.5861
2026-01-05T20:30:00,hostel_a,103.7578
2026-01-05T20:45:00,hostel_a,104.4522
2026-01-05T21:00:00,hostel_a,106.3182
2026-01-05T21:15:00,hostel_a,111.8124
2026-01-05T21:30:00,hostel_a,110.0203
2026-01-05T21:45:00,hostel_a,107.4333
2026-01-05T22:00:00,hostel_a,106.7436
2026-01-05T22:15:00,hostel_a,107.8126
2026-01-05T22:30:00,hostel_a,101.3655
2026-01-05T22:45:00,hostel_a,97.6165
2026-01-05T23:00:00,hostel_a,97.1240
2026-01-05T23:15:00,hostel_a,85.9773
2026-01-05T23:30:00,hostel_a,74.6906
2026-01-05T23:45:00,hostel_a,71.6350
2026-01-06T00:00:00,hostel_a,72.0170
2026-01-06T00:15:00,hostel_a,75.1230
2026-01-06T00:30:00,hostel_a,72.6416
2026-01-06T00:45:00,hostel_a,63.9054
2026-01-06T01:00:00,hostel_a,58.1635
2026-01-06T01:15:00,hostel_a,46.5666
2026-01-06T01:30:00,hostel_a,39.9712
2026-01-06T01:45:00,hostel_a,31.2251
2026-01-06T02:00:00,hostel_a,21.0484
2026-01-06T02:15:00,hostel_a,20.0814
2026-01-06T02:30:00,hostel_a,20.4421
2026-01-06T02:45:00,hostel_a,21.7057
2026-01-06T03:00:00,hostel_a,22.6189
2026-01-06T03:15:00,hostel_a,21.9395
2026-01-06T03:30:00,hostel_a,21.4309
2026-01-06T03:45:00,hostel_a,22.1642
2026-01-06T04:00:00,hostel_a,22.4973
2026-01-06T04:15:00,hostel_a,21.5025
2026-01-06T04:30:00,hostel_a,19.7849
2026-01-06T04:45:00,hostel_a,20.6203
2026-01-06T05:00:00,hostel_a,21.0350
2026-01-06T05:15:00,hostel_a,21.8249
2026-01-06T05:30:00,hostel_a,31.5627
2026-01-06T05:45:00,hostel_a,40.1595
2026-01-06T06:00:00,hostel_a,46.6249
2026-01-06T06:15:00,hostel_a,52.8612
2026-01-06T06:30:00,hostel_a,60.3408
2026-01-06T06:45:00,hostel_a,61.5884
2026-01-06T07:00:00,hostel_a,62.6410
2026-01-06T07:15:00,hostel_a,60.7732
2026-01-06T07:30:00,hostel_a,62.3714
2026-01-06T07:45:00,hostel_a,59.6873
2026-01-06T08:00:00,hostel_a,63.7800
2026-01-06T08:15:00,hostel_a,65.3323
2026-01-06T08:30:00,hostel_a,58.4216
2026-01-06T08:45:00,hostel_a,55.1284
2026-01-06T09:00:00,hostel_a,50.6921
2026-01-06T09:15:00,hostel_a,44.5422
2026-01-06T09:30:00,hostel_a,36.5823
2026-01-06T09:45:00,hostel_a,35.4557
2026-01-06T10:00:00,hostel_a,37.3040
2026-01-06T10:15:00,hostel_a,35.6793
2026-01-06T10:30:00,hostel_a,35.3858
2026-01-06T10:45:00,hostel_a,34.7841
2026-01-06T11:00:00,hostel_a,34.4065
2026-01-06T11:15:00,hostel_a,34.2577
2026-01-06T11:30:00,hostel_a,32.6555
2026-01-06T11:45:00,hostel_a,31.5728
2026-01-06T12:00:00,hostel_a,31.9949
2026-01-06T12:15:00,hostel_a,36.4039
2026-01-06T12:30:00,hostel_a,37.0896
2026-01-06T12:45:00,hostel_a,35.9051
2026-01-06T13:00:00,hostel_a,36.6722
2026-01-06T13:15:00,hostel_a,36.0906
2026-01-06T13:30:00,hostel_a,37.7290
2026-01-06T13:45:00,hostel_a,36.3596
2026-01-06T14:00:00,hostel_a,35.2281
2026-01-06T14:15:00,hostel_a,35.2986
2026-01-06T14:30:00,hostel_a,37.1733
2026-01-06T14:45:00,hostel_a,33.7296
2026-01-06T15:00:00,hostel_a,34.5831
2026-01-06T15:15:00,hostel_a,36.1427
2026-01-06T15:30:00,hostel_a,37.7877
2026-01-06T15:45:00,hostel_a,38.3948
2026-01-06T16:00:00,hostel_a,43.4688
2026-01-06T16:15:00,hostel_a,47.7330
2026-01-06T16:30:00,hostel_a,51.7657
2026-01-06T16:45:00,hostel_a,59.1281
2026-01-06T17:00:00,hostel_a,62.6435
2026-01-06T17:15:00,hostel_a,64.7350
2026-01-06T17:30:00,hostel_a,65.9038
2026-01-06T17:45:00,hostel_a,64.9414
2026-01-06T18:00:00,hostel_a,71.2039
2026-01-06T18:15:00,hostel_a,74.9868
2026-01-06T18:30:00,hostel_a,66.6253
2026-01-06T18:45:00,hostel_a,79.6126
2026-01-06T19:00:00,hostel_a,86.1182
2026-01-06T19:15:00,hostel_a,97.6037
2026-01-06T19:30:00,hostel_a,103.6598
2026-01-06T19:45:00,hostel_a,93.6925
2026-01-06T20:00:00,hostel_a,98.3440
2026-01-06T20:15:00,hostel_a,98.7324
2026-01-06T20:30:00,hostel_a,109.9441
2026-01-06T20:45:00,hostel_a,110.2354
2026-01-06T21:00:00,hostel_a,103.9146
2026-01-06T21:15:00,hostel_a,95.4533
2026-01-06T21:30:00,hostel_a,94.1164
2026-01-06T21:45:00,hostel_a,97.7385
2026-01-06T22:00:00,hostel_a,101.5989
2026-01-06T22:15:00,hostel_a,100.2068
2026-01-06T22:30:00,hostel_a,99.5515
2026-01-06T22:45:00,hostel_a,97.7494
2026-01-06T23:00:00,hostel_a,91.9987
2026-01-06T23:15:00,hostel_a,93.5994
2026-01-06T23:30:00,hostel_a,87.8519
2026-01-06T23:45:00,hostel_a,77.8923
2026-01-07T00:00:00,hostel_a,71.8879
2026-01-07T00:15:00,hostel_a,71.1981
2026-01-07T00:30:00,hostel_a,67.4410
2026-01-07T00:45:00,hostel_a,65.9380
2026-01-07T01:00:00,hostel_a,56.4605
2026-01-07T01:15:00,hostel_a,46.4277
2026-01-07T01:30:00,hostel_a,47.5045
2026-01-07T01:45:00,hostel_a,38.9206
2026-01-07T02:00:00,hostel_a,18.2541
2026-01-07T02:15:00,hostel_a,19.3519
2026-01-07T02:30:00,hostel_a,21.2771
2026-01-07T02:45:00,hostel_a,22.7994
2026-01-07T03:00:00,hostel_a,22.0377
2026-01-07T03:15:00,hostel_a,21.5160
2026-01-07T03:30:00,hostel_a,21.3851
2026-01-07T03:45:00,hostel_a,22.3681
2026-01-07T04:00:00,hostel_a,20.8485
2026-01-07T04:15:00,hostel_a,22.3763
2026-01-07T04:30:00,hostel_a,22.3936
2026-01-07T04:45:00,hostel_a,22.5837
2026-01-07T05:00:00,hostel_a,20.7196
2026-01-07T05:15:00,hostel_a,21.1926
2026-01-07T05:30:00,hostel_a,28.3953
2026-01-07T05:45:00,hostel_a,36.0702
2026-01-07T06:00:00,hostel_a,43.1316
2026-01-07T06:15:00,hostel_a,50.8208
2026-01-07T06:30:00,hostel_a,60.9800
2026-01-07T06:45:00,hostel_a,60.4006
2026-01-07T07:00:00,hostel_a,65.8918
2026-01-07T07:15:00,hostel_a,64.7511
2026-01-07T07:30:00,hostel_a,65.7798
2026-01-07T07:45:00,hostel_a,61.3236
2026-01-07T08:00:00,hostel_a,61.2377
2026-01-07T08:15:00,hostel_a,60.3816
2026-01-07T08:30:00,hostel_a,54.1076
2026-01-07T08:45:00,hostel_a,51.9166
2026-01-07T09:00:00,hostel_a,44.2442
2026-01-07T09:15:00,hostel_a,41.8918
2026-01-07T09:30:00,hostel_a,35.9333
2026-01-07T09:45:00,hostel_a,34.5527
2026-01-07T10:00:00,hostel_a,38.1676
2026-01-07T10:15:00,hostel_a,37.7716
2026-01-07T10:30:00,hostel_a,37.5015
2026-01-07T10:45:00,hostel_a,38.8273
2026-01-07T11:00:00,hostel_a,39.8785
2026-01-07T11:15:00,hostel_a,37.2836
2026-01-07T11:30:00,hostel_a,46.4079
2026-01-07T11:45:00,hostel_a,45.7413
2026-01-07T12:00:00,hostel_a,35.8577
2026-01-07T12:15:00,hostel_a,37.9300
2026-01-07T12:30:00,hostel_a,39.4496
2026-01-07T12:45:00,hostel_a,39.5113
2026-01-07T13:00:00,hostel_a,41.8497
2026-01-07T13:15:00,hostel_a,40.4194
2026-01-07T13:30:00,hostel_a,37.6092
2026-01-07T13:45:00,hostel_a,34.6885
2026-01-07T14:00:00,hostel_a,36.3851
2026-01-07T14:15:00,hostel_a,37.0795
2026-01-07T14:30:00,hostel_a,38.1156
2026-01-07T14:45:00,hostel_a,38.7509
2026-01-07T15:00:00,hostel_a,37.5419
2026-01-07T15:15:00,hostel_a,36.8501
2026-01-07T15:30:00,hostel_a,35.9425
2026-01-07T15:45:00,hostel_a,36.2087
2026-01-07T16:00:00,hostel_a,38.7004
2026-01-07T16:15:00,hostel_a,44.1578
2026-01-07T16:30:00,hostel_a,50.0702
2026-01-07T16:45:00,hostel_a,51.5975
2026-01-07T17:00:00,hostel_a,62.5175
2026-01-07T17:15:00,hostel_a,62.4978
2026-01-07T17:30:00,hostel_a,66.7205
2026-01-07T17:45:00,hostel_a,59.5442
2026-01-07T18:00:00,hostel_a,54.2353
2026-01-07T18:15:00,hostel_a,51.5289
2026-01-07T18:30:00,hostel_a,66.6422
2026-01-07T18:45:00,hostel_a,77.7289
2026-01-07T19:00:00,hostel_a,85.5561
2026-01-07T19:15:00,hostel_a,93.6699
2026-01-07T19:30:00,hostel_a,103.5570
2026-01-07T19:45:00,hostel_a,102.1718
2026-01-07T20:00:00,hostel_a,102.6019
2026-01-07T20:15:00,hostel_a,97.8029
2026-01-07T20:30:00,hostel_a,95.8780
2026-01-07T20:45:00,hostel_a,102.0183
2026-01-07T21:00:00,hostel_a,105.8887
2026-01-07T21:15:00,hostel_a,107.3285
2026-01-07T21:30:00,hostel_a,101.1815
2026-01-07T21:45:00,hostel_a,98.3747
2026-01-07T22:00:00,hostel_a,102.8792
2026-01-07T22:15:00,hostel_a,96.8207
2026-01-07T22:30:00,hostel_a,93.8169
2026-01-07T22:45:00,hostel_a,90.1944
2026-01-07T23:00:00,hostel_a,87.8129
2026-01-07T23:15:00,hostel_a,86.1111
2026-01-07T23:30:00,hostel_a,81.3641
2026-01-07T23:45:00,hostel_a,74.7552
2026-01-08T00:00:00,hostel_a,70.9801
2026-01-08T00:15:00,hostel_a,70.4908
2026-01-08T00:30:00,hostel_a,61.5322
2026-01-08T00:45:00,hostel_a,61.5492
2026-01-08T01:00:00,hostel_a,56.1347
2026-01-08T01:15:00,hostel_a,44.2120
2026-01-08T01:30:00,hostel_a,32.6955
2026-01-08T01:45:00,hostel_a,25.7357
2026-01-08T02:00:00,hostel_a,20.1876
2026-01-08T02:15:00,hostel_a,21.1879
2026-01-08T02:30:00,hostel_a,20.2690
2026-01-08T02:45:00,hostel_a,20.3892
2026-01-08T03:00:00,hostel_a,20.1775
2026-01-08T03:15:00,hostel_a,21.5949
2026-01-08T03:30:00,hostel_a,30.6814
2026-01-08T03:45:00,hostel_a,31.4392
2026-01-08T04:00:00,hostel_a,21.0662
2026-01-08T04:15:00,hostel_a,21.4914
2026-01-08T04:30:00,hostel_a,21.8216
2026-01-08T04:45:00,hostel_a,21.8172
2026-01-08T05:00:00,hostel_a,22.9123
2026-01-08T05:15:00,hostel_a,23.0972
2026-01-08T05:30:00,hostel_a,31.5244
2026-01-08T05:45:00,hostel_a,40.7673
2026-01-08T06:00:00,hostel_a,47.9362
2026-01-08T06:15:00,hostel_a,56.3003
2026-01-08T06:30:00,hostel_a,64.6133
2026-01-08T06:45:00,hostel_a,67.2493
2026-01-08T07:00:00,hostel_a,64.4276
2026-01-08T07:15:00,hostel_a,59.1937
2026-01-08T07:30:00,hostel_a,63.0518
2026-01-08T07:45:00,hostel_a,62.9719
2026-01-08T08:00:00,hostel_a,67.4270
2026-01-08T08:15:00,hostel_a,65.2575
2026-01-08T08:30:00,hostel_a,58.2674
2026-01-08T08:45:00,hostel_a,49.3448
2026-01-08T09:00:00,hostel_a,47.1952
2026-01-08T09:15:00,hostel_a,40.1323
2026-01-08T09:30:00,hostel_a,36.3303
2026-01-08T09:45:00,hostel_a,35.0451
2026-01-08T10:00:00,hostel_a,36.4637
2026-01-08T10:15:00,hostel_a,34.5243
2026-01-08T10:30:00,hostel_a,35.2584
2026-01-08T10:45:00,hostel_a,35.0418
2026-01-08T11:00:00,hostel_a,34.4247
2026-01-08T11:15:00,hostel_a,34.2944
2026-01-08T11:30:00,hostel_a,37.0019
2026-01-08T11:45:00,hostel_a,37.7400
2026-01-08T12:00:00,hostel_a,37.7908
2026-01-08T12:15:00,hostel_a,38.2184
2026-01-08T12:30:00,hostel_a,37.2630
2026-01-08T12:45:00,hostel_a,38.0303
2026-01-08T13:00:00,hostel_a,35.0242
2026-01-08T13:15:00,hostel_a,34.2455
2026-01-08T13:30:00,hostel_a,31.9952
2026-01-08T13:45:00,hostel_a,31.7535
2026-01-08T14:00:00,hostel_a,33.0803
2026-01-08T14:15:00,hostel_a,33.5833
2026-01-08T14:30:00,hostel_a,34.9830
2026-01-08T14:45:00,hostel_a,36.4595
2026-01-08T15:00:00,hostel_a,39.1576
2026-01-08T15:15:00,hostel_a,36.9714
2026-01-08T15:30:00,hostel_a,37.7234
2026-01-08T15:45:00,hostel_a,37.6589
2026-01-08T16:00:00,hostel_a,43.9258
2026-01-08T16:15:00,hostel_a,47.4154
2026-01-08T16:30:00,hostel_a,51.2824
2026-01-08T16:45:00,hostel_a,59.0932
2026-01-08T17:00:00,hostel_a,63.3134
2026-01-08T17:15:00,hostel_a,64.4663
2026-01-08T17:30:00,hostel_a,57.1731
2026-01-08T17:45:00,hostel_a,60.4595
2026-01-08T18:00:00,hostel_a,62.9632
2026-01-08T18:15:00,hostel_a,65.2565
2026-01-08T18:30:00,hostel_a,68.6755
2026-01-08T18:45:00,hostel_a,84.3104
2026-01-08T19:00:00,hostel_a,89.7476
2026-01-08T19:15:00,hostel_a,98.3625
2026-01-08T19:30:00,hostel_a,108.9835
2026-01-08T19:45:00,hostel_a,111.9776
2026-01-08T20:00:00,hostel_a,108.9861
2026-01-08T20:15:00,hostel_a,105.6891
2026-01-08T20:30:00,hostel_a,105.8659
2026-01-08T20:45:00,hostel_a,105.7645
2026-01-08T21:00:00,hostel_a,106.5473
2026-01-08T21:15:00,hostel_a,107.0228
2026-01-08T21:30:00,hostel_a,103.4489
2026-01-08T21:45:00,hostel_a,99.6581
2026-01-08T22:00:00,hostel_a,107.9783
2026-01-08T22:15:00,hostel_a,109.1961
2026-01-08T22:30:00,hostel_a,102.0556
2026-01-08T22:45:00,hostel_a,95.5467
2026-01-08T23:00:00,hostel_a,96.4993
2026-01-08T23:15:00,hostel_a,89.0771
2026-01-08T23:30:00,hostel_a,78.9165
2026-01-08T23:45:00,hostel_a,82.5549
2026-01-09T00:00:00,hostel_a,70.5873
2026-01-09T00:15:00,hostel_a,68.3286
2026-01-09T00:30:00,hostel_a,64.3333
2026-01-09T00:45:00,hostel_a,64.4676
2026-01-09T01:00:00,hostel_a,57.2734
2026-01-09T01:15:00,hostel_a,47.9200
2026-01-09T01:30:00,hostel_a,39.6508
2026-01-09T01:45:00,hostel_a,28.8338
2026-01-09T02:00:00,hostel_a,22.0793
2026-01-09T02:15:00,hostel_a,22.8428
2026-01-09T02:30:00,hostel_a,23.2049
2026-01-09T02:45:00,hostel_a,21.5454
2026-01-09T03:00:00,hostel_a,22.2911
2026-01-09T03:15:00,hostel_a,21.1127
2026-01-09T03:30:00,hostel_a,19.8633
2026-01-09T03:45:00,hostel_a,20.4971
2026-01-09T04:00:00,hostel_a,20.1948
2026-01-09T04:15:00,hostel_a,21.7050
2026-01-09T04:30:00,hostel_a,21.0937
2026-01-09T04:45:00,hostel_a,20.4254
2026-01-09T05:00:00,hostel_a,22.1837
2026-01-09T05:15:00,hostel_a,21.8222
2026-01-09T05:30:00,hostel_a,29.3114
2026-01-09T05:45:00,hostel_a,39.0408
2026-01-09T06:00:00,hostel_a,49.4628
2026-01-09T06:15:00,hostel_a,60.1513
2026-01-09T06:30:00,hostel_a,66.3070
2026-01-09T06:45:00,hostel_a,61.0660
2026-01-09T07:00:00,hostel_a,63.2545
2026-01-09T07:15:00,hostel_a,83.1360
2026-01-09T07:30:00,hostel_a,80.8827
2026-01-09T07:45:00,hostel_a,58.0088
2026-01-09T08:00:00,hostel_a,54.5068
2026-01-09T08:15:00,hostel_a,57.4422
2026-01-09T08:30:00,hostel_a,52.5435
2026-01-09T08:45:00,hostel_a,46.9548
2026-01-09T09:00:00,hostel_a,43.6371
2026-01-09T09:15:00,hostel_a,37.7330
2026-01-09T09:30:00,hostel_a,33.0971
2026-01-09T09:45:00,hostel_a,35.9514
2026-01-09T10:00:00,hostel_a,34.3577
2026-01-09T10:15:00,hostel_a,34.8915
2026-01-09T10:30:00,hostel_a,36.5545
2026-01-09T10:45:00,hostel_a,38.4932
2026-01-09T11:00:00,hostel_a,35.4295
2026-01-09T11:15:00,hostel_a,36.0900
2026-01-09T11:30:00,hostel_a,40.0251
2026-01-09T11:45:00,hostel_a,37.4691
2026-01-09T12:00:00,hostel_a,36.2555
2026-01-09T12:15:00,hostel_a,36.4448
2026-01-09T12:30:00,hostel_a,38.2408
2026-01-09T12:45:00,hostel_a,38.4340
2026-01-09T13:00:00,hostel_a,37.7700
2026-01-09T13:15:00,hostel_a,39.1339
2026-01-09T13:30:00,hostel_a,38.1551
2026-01-09T13:45:00,hostel_a,35.9923
2026-01-09T14:00:00,hostel_a,35.8377
2026-01-09T14:15:00,hostel_a,33.5549
2026-01-09T14:30:00,hostel_a,34.7874
2026-01-09T14:45:00,hostel_a,38.3216
2026-01-09T15:00:00,hostel_a,42.6904
2026-01-09T15:15:00,hostel_a,42.1884
2026-01-09T15:30:00,hostel_a,41.7457
2026-01-09T15:45:00,hostel_a,38.0406
2026-01-09T16:00:00,hostel_a,41.3873
2026-01-09T16:15:00,hostel_a,44.6620
2026-01-09T16:30:00,hostel_a,52.0607
2026-01-09T16:45:00,hostel_a,59.4586
2026-01-09T17:00:00,hostel_a,61.5129
2026-01-09T17:15:00,hostel_a,63.1201
2026-01-09T17:30:00,hostel_a,64.1086
2026-01-09T17:45:00,hostel_a,65.5105
2026-01-09T18:00:00,hostel_a,61.0892
2026-01-09T18:15:00,hostel_a,64.7690
2026-01-09T18:30:00,hostel_a,74.0112
2026-01-09T18:45:00,hostel_a,79.8635
2026-01-09T19:00:00,hostel_a,89.3420
2026-01-09T19:15:00,hostel_a,96.4176
2026-01-09T19:30:00,hostel_a,99.0176
2026-01-09T19:45:00,hostel_a,90.7312
2026-01-09T20:00:00,hostel_a,91.6676
2026-01-09T20:15:00,hostel_a,93.4707
2026-01-09T20:30:00,hostel_a,98.6642
2026-01-09T20:45:00,hostel_a,99.3290
2026-01-09T21:00:00,hostel_a,106.3133
2026-01-09T21:15:00,hostel_a,98.5295
2026-01-09T21:30:00,hostel_a,100.0718
2026-01-09T21:45:00,hostel_a,100.8403
2026-01-09T22:00:00,hostel_a,101.3641
2026-01-09T22:15:00,hostel_a,96.4356
2026-01-09T22:30:00,hostel_a,87.9061
2026-01-09T22:45:00,hostel_a,80.0072
2026-01-09T23:00:00,hostel_a,82.2649
2026-01-09T23:15:00,hostel_a,83.8859
2026-01-09T23:30:00,hostel_a,77.4620
2026-01-09T23:45:00,hostel_a,73.7533
2026-01-10T00:00:00,hostel_a,75.8806
2026-01-10T00:15:00,hostel_a,77.3619
2026-01-10T00:30:00,hostel_a,79.3221
2026-01-10T00:45:00,hostel_a,79.8939
2026-01-10T01:00:00,hostel_a,77.5451
2026-01-10T01:15:00,hostel_a,75.5400
2026-01-10T01:30:00,hostel_a,61.0180
2026-01-10T01:45:00,hostel_a,52.6150
2026-01-10T02:00:00,hostel_a,42.4055
2026-01-10T02:15:00,hostel_a,32.8580
2026-01-10T02:30:00,hostel_a,21.9007
2026-01-10T02:45:00,hostel_a,20.8899
2026-01-10T03:00:00,hostel_a,21.6421
2026-01-10T03:15:00,hostel_a,23.6391
2026-01-10T03:30:00,hostel_a,23.9149
2026-01-10T03:45:00,hostel_a,22.9700
2026-01-10T04:00:00,hostel_a,22.3107
2026-01-10T04:15:00,hostel_a,21.4698
2026-01-10T04:30:00,hostel_a,22.5171
2026-01-10T04:45:00,hostel_a,22.9271
2026-01-10T05:00:00,hostel_a,22.1352
2026-01-10T05:15:00,hostel_a,21.1918
2026-01-10T05:30:00,hostel_a,22.4234
2026-01-10T05:45:00,hostel_a,23.5921
2026-01-10T06:00:00,hostel_a,22.9947
2026-01-10T06:15:00,hostel_a,22.8238
2026-01-10T06:30:00,hostel_a,21.9846
2026-01-10T06:45:00,hostel_a,21.8264
2026-01-10T07:00:00,hostel_a,27.6940
2026-01-10T07:15:00,hostel_a,35.8617
2026-01-10T07:30:00,hostel_a,44.6474
2026-01-10T07:45:00,hostel_a,53.6159
2026-01-10T08:00:00,hostel_a,62.6076
2026-01-10T08:15:00,hostel_a,62.8972
2026-01-10T08:30:00,hostel_a,64.9775
2026-01-10T08:45:00,hostel_a,64.7961
2026-01-10T09:00:00,hostel_a,61.8148
2026-01-10T09:15:00,hostel_a,56.6235
2026-01-10T09:30:00,hostel_a,55.0003
2026-01-10T09:45:00,hostel_a,56.2406
2026-01-10T10:00:00,hostel_a,56.9780
2026-01-10T10:15:00,hostel_a,57.3413
2026-01-10T10:30:00,hostel_a,60.9409
2026-01-10T10:45:00,hostel_a,55.9360
2026-01-10T11:00:00,hostel_a,56.0550
2026-01-10T11:15:00,hostel_a,59.6776
2026-01-10T11:30:00,hostel_a,58.3694
2026-01-10T11:45:00,hostel_a,58.8810
2026-01-10T12:00:00,hostel_a,60.6873
2026-01-10T12:15:00,hostel_a,60.6438
2026-01-10T12:30:00,hostel_a,60.7086
2026-01-10T12:45:00,hostel_a,59.1530
2026-01-10T13:00:00,hostel_a,60.2616
2026-01-10T13:15:00,hostel_a,60.7192
2026-01-10T13:30:00,hostel_a,56.6929
2026-01-10T13:45:00,hostel_a,55.7342
2026-01-10T14:00:00,hostel_a,70.7774
2026-01-10T14:15:00,hostel_a,72.4849
2026-01-10T14:30:00,hostel_a,56.9928
2026-01-10T14:45:00,hostel_a,52.7825
2026-01-10T15:00:00,hostel_a,55.6178
2026-01-10T15:15:00,hostel_a,59.7630
2026-01-10T15:30:00,hostel_a,57.0255
2026-01-10T15:45:00,hostel_a,60.3500
2026-01-10T16:00:00,hostel_a,60.6776
2026-01-10T16:15:00,hostel_a,61.0306
2026-01-10T16:30:00,hostel_a,60.5906
2026-01-10T16:45:00,hostel_a,59.5636
2026-01-10T17:00:00,hostel_a,62.1344
2026-01-10T17:15:00,hostel_a,67.7114
2026-01-10T17:30:00,hostel_a,74.2273
2026-01-10T17:45:00,hostel_a,81.0524
2026-01-10T18:00:00,hostel_a,88.1559
2026-01-10T18:15:00,hostel_a,98.7927
2026-01-10T18:30:00,hostel_a,109.3846
2026-01-10T18:45:00,hostel_a,109.4199
2026-01-10T19:00:00,hostel_a,103.2673
2026-01-10T19:15:00,hostel_a,101.4939
2026-01-10T19:30:00,hostel_a,96.3681
2026-01-10T19:45:00,hostel_a,97.8251
2026-01-10T20:00:00,hostel_a,101.8913
2026-01-10T20:15:00,hostel_a,102.4039
2026-01-10T20:30:00,hostel_a,96.9530
2026-01-10T20:45:00,hostel_a,104.5496
2026-01-10T21:00:00,hostel_a,101.3411
2026-01-10T21:15:00,hostel_a,104.1984
2026-01-10T21:30:00,hostel_a,105.1582
2026-01-10T21:45:00,hostel_a,97.8576
2026-01-10T22:00:00,hostel_a,93.9875
2026-01-10T22:15:00,hostel_a,96.1723
2026-01-10T22:30:00,hostel_a,100.7120
2026-01-10T22:45:00,hostel_a,102.4136
2026-01-10T23:00:00,hostel_a,95.8999
2026-01-10T23:15:00,hostel_a,91.2384
2026-01-10T23:30:00,hostel_a,84.5029
2026-01-10T23:45:00,hostel_a,76.2579
2026-01-11T00:00:00,hostel_a,72.6190
2026-01-11T00:15:00,hostel_a,75.0675
2026-01-11T00:30:00,hostel_a,70.9717
2026-01-11T00:45:00,hostel_a,71.8674
2026-01-11T01:00:00,hostel_a,72.5794
2026-01-11T01:15:00,hostel_a,68.2946
2026-01-11T01:30:00,hostel_a,54.4981
2026-01-11T01:45:00,hostel_a,46.8720
2026-01-11T02:00:00,hostel_a,40.0426
2026-01-11T02:15:00,hostel_a,30.2093
2026-01-11T02:30:00,hostel_a,21.4569
2026-01-11T02:45:00,hostel_a,22.7323
2026-01-11T03:00:00,hostel_a,22.5631
2026-01-11T03:15:00,hostel_a,22.6346
2026-01-11T03:30:00,hostel_a,21.3872
2026-01-11T03:45:00,hostel_a,22.0028
2026-01-11T04:00:00,hostel_a,22.9048
2026-01-11T04:15:00,hostel_a,24.8802
2026-01-11T04:30:00,hostel_a,23.6589
2026-01-11T04:45:00,hostel_a,23.5179
2026-01-11T05:00:00,hostel_a,23.7872
2026-01-11T05:15:00,hostel_a,22.4918
2026-01-11T05:30:00,hostel_a,23.5924
2026-01-11T05:45:00,hostel_a,22.1901
2026-01-11T06:00:00,hostel_a,23.0936
2026-01-11T06:15:00,hostel_a,21.0233
2026-01-11T06:30:00,hostel_a,20.4062
2026-01-11T06:45:00,hostel_a,21.2620
2026-01-11T07:00:00,hostel_a,27.5960
2026-01-11T07:15:00,hostel_a,35.6075
2026-01-11T07:30:00,hostel_a,41.2210
2026-01-11T07:45:00,hostel_a,46.8272
2026-01-11T08:00:00,hostel_a,54.0173
2026-01-11T08:15:00,hostel_a,59.4443
2026-01-11T08:30:00,hostel_a,58.6572
2026-01-11T08:45:00,hostel_a,58.6290
2026-01-11T09:00:00,hostel_a,57.5857
2026-01-11T09:15:00,hostel_a,57.9533
2026-01-11T09:30:00,hostel_a,58.3511
2026-01-11T09:45:00,hostel_a,56.8379
2026-01-11T10:00:00,hostel_a,56.8921
2026-01-11T10:15:00,hostel_a,58.2576
2026-01-11T10:30:00,hostel_a,59.9038
2026-01-11T10:45:00,hostel_a,60.9627
2026-01-11T11:00:00,hostel_a,60.6287
2026-01-11T11:15:00,hostel_a,66.8578
2026-01-11T11:30:00,hostel_a,63.9382
2026-01-11T11:45:00,hostel_a,65.2932
2026-01-11T12:00:00,hostel_a,62.2617
2026-01-11T12:15:00,hostel_a,66.8544
2026-01-11T12:30:00,hostel_a,64.8855
2026-01-11T12:45:00,hostel_a,62.7286
2026-01-11T13:00:00,hostel_a,60.5955
2026-01-11T13:15:00,hostel_a,60.7670
2026-01-11T13:30:00,hostel_a,59.1141
2026-01-11T13:45:00,hostel_a,55.5803
2026-01-11T14:00:00,hostel_a,55.6655
2026-01-11T14:15:00,hostel_a,54.9675
2026-01-11T14:30:00,hostel_a,60.1212
2026-01-11T14:45:00,hostel_a,61.1340
2026-01-11T15:00:00,hostel_a,62.2517
2026-01-11T15:15:00,hostel_a,58.9379
2026-01-11T15:30:00,hostel_a,54.8987
2026-01-11T15:45:00,hostel_a,60.6835
2026-01-11T16:00:00,hostel_a,67.3863
2026-01-11T16:15:00,hostel_a,67.1766
2026-01-11T16:30:00,hostel_a,64.2046
2026-01-11T16:45:00,hostel_a,60.9259
2026-01-11T17:00:00,hostel_a,63.8538
2026-01-11T17:15:00,hostel_a,61.1393
2026-01-11T17:30:00,hostel_a,67.1873
2026-01-11T17:45:00,hostel_a,73.2820
2026-01-11T18:00:00,hostel_a,82.1952
2026-01-11T18:15:00,hostel_a,92.0667
2026-01-11T18:30:00,hostel_a,99.4735
2026-01-11T18:45:00,hostel_a,97.8515
2026-01-11T19:00:00,hostel_a,96.9017
2026-01-11T19:15:00,hostel_a,91.5841
2026-01-11T19:30:00,hostel_a,98.5299
2026-01-11T19:45:00,hostel_a,96.2916
2026-01-11T20:00:00,hostel_a,102.7587
2026-01-11T20:15:00,hostel_a,103.8328
2026-01-11T20:30:00,hostel_a,105.1816
2026-01-11T20:45:00,hostel_a,100.1971
2026-01-11T21:00:00,hostel_a,96.5330
2026-01-11T21:15:00,hostel_a,94.1316
2026-01-11T21:30:00,hostel_a,97.1945
2026-01-11T21:45:00,hostel_a,97.4785
2026-01-11T22:00:00,hostel_a,98.4181
2026-01-11T22:15:00,hostel_a,100.4811
2026-01-11T22:30:00,hostel_a,102.8516
2026-01-11T22:45:00,hostel_a,103.8239
2026-01-11T23:00:00,hostel_a,97.7543
2026-01-11T23:15:00,hostel_a,92.2321
2026-01-11T23:30:00,hostel_a,82.0081
2026-01-11T23:45:00,hostel_a,78.6155
2026-01-05T00:00:00,hostel_b,63.5554
2026-01-05T00:15:00,hostel_b,55.5267
2026-01-05T00:30:00,hostel_b,54.9936
2026-01-05T00:45:00,hostel_b,51.7703
2026-01-05T01:00:00,hostel_b,45.3144
2026-01-05T01:15:00,hostel_b,38.8314
2026-01-05T01:30:00,hostel_b,29.8645
2026-01-05T01:45:00,hostel_b,23.2304
2026-01-05T02:00:00,hostel_b,16.8283
2026-01-05T02:15:00,hostel_b,17.8053
2026-01-05T02:30:00,hostel_b,18.2562
2026-01-05T02:45:00,hostel_b,18.0817
2026-01-05T03:00:00,hostel_b,17.9700
2026-01-05T03:15:00,hostel_b,18.0543
2026-01-05T03:30:00,hostel_b,19.0842
2026-01-05T03:45:00,hostel_b,18.2066
2026-01-05T04:00:00,hostel_b,18.9208
2026-01-05T04:15:00,hostel_b,18.0347
2026-01-05T04:30:00,hostel_b,17.8001
2026-01-05T04:45:00,hostel_b,16.8585
2026-01-05T05:00:00,hostel_b,18.0042
2026-01-05T05:15:00,hostel_b,17.7314
2026-01-05T05:30:00,hostel_b,24.0748
2026-01-05T05:45:00,hostel_b,30.4727
2026-01-05T06:00:00,hostel_b,36.0631
2026-01-05T06:15:00,hostel_b,41.9449
2026-01-05T06:30:00,hostel_b,48.9730
2026-01-05T06:45:00,hostel_b,48.2846
2026-01-05T07:00:00,hostel_b,51.2060
2026-01-05T07:15:00,hostel_b,52.1833
2026-01-05T07:30:00,hostel_b,53.6156
2026-01-05T07:45:00,hostel_b,47.7565
2026-01-05T08:00:00,hostel_b,50.1083
2026-01-05T08:15:00,hostel_b,48.7249
2026-01-05T08:30:00,hostel_b,43.7751
2026-01-05T08:45:00,hostel_b,42.0325
2026-01-05T09:00:00,hostel_b,39.9729
2026-01-05T09:15:00,hostel_b,36.1457
2026-01-05T09:30:00,hostel_b,31.7803
2026-01-05T09:45:00,hostel_b,30.0956
2026-01-05T10:00:00,hostel_b,28.4736
2026-01-05T10:15:00,hostel_b,30.5753
2026-01-05T10:30:00,hostel_b,31.8981
2026-01-05T10:45:00,hostel_b,33.0669
2026-01-05T11:00:00,hostel_b,30.5448
2026-01-05T11:15:00,hostel_b,31.3898
2026-01-05T11:30:00,hostel_b,45.9866
2026-01-05T11:45:00,hostel_b,46.7838
2026-01-05T12:00:00,hostel_b,32.7517
2026-01-05T12:15:00,hostel_b,32.0451
2026-01-05T12:30:00,hostel_b,32.9263
2026-01-05T12:45:00,hostel_b,33.3522
2026-01-05T13:00:00,hostel_b,32.5165
2026-01-05T13:15:00,hostel_b,32.3803
2026-01-05T13:30:00,hostel_b,31.2136
2026-01-05T13:45:00,hostel_b,29.1631
2026-01-05T14:00:00,hostel_b,29.9302
2026-01-05T14:15:00,hostel_b,28.7266
2026-01-05T14:30:00,hostel_b,28.1601
2026-01-05T14:45:00,hostel_b,30.4256
2026-01-05T15:00:00,hostel_b,31.1103
2026-01-05T15:15:00,hostel_b,32.2720
2026-01-05T15:30:00,hostel_b,31.0984
2026-01-05T15:45:00,hostel_b,30.5388
2026-01-05T16:00:00,hostel_b,33.4457
2026-01-05T16:15:00,hostel_b,35.9997
2026-01-05T16:30:00,hostel_b,43.2540
2026-01-05T16:45:00,hostel_b,44.3910
2026-01-05T17:00:00,hostel_b,49.0514
2026-01-05T17:15:00,hostel_b,51.0141
2026-01-05T17:30:00,hostel_b,50.7707
2026-01-05T17:45:00,hostel_b,48.7443
2026-01-05T18:00:00,hostel_b,50.7508
2026-01-05T18:15:00,hostel_b,52.9231
2026-01-05T18:30:00,hostel_b,58.8497
2026-01-05T18:45:00,hostel_b,63.6820
2026-01-05T19:00:00,hostel_b,72.0328
2026-01-05T19:15:00,hostel_b,74.7602
2026-01-05T19:30:00,hostel_b,80.2095
2026-01-05T19:45:00,hostel_b,80.9499
2026-01-05T20:00:00,hostel_b,84.9796
2026-01-05T20:15:00,hostel_b,83.7154
2026-01-05T20:30:00,hostel_b,85.6569
2026-01-05T20:45:00,hostel_b,85.0951
2026-01-05T21:00:00,hostel_b,81.9815
2026-01-05T21:15:00,hostel_b,86.6867
2026-01-05T21:30:00,hostel_b,82.6535
2026-01-05T21:45:00,hostel_b,80.7983
2026-01-05T22:00:00,hostel_b,87.2162
2026-01-05T22:15:00,hostel_b,82.8381
2026-01-05T22:30:00,hostel_b,83.5413
2026-01-05T22:45:00,hostel_b,80.1562
2026-01-05T23:00:00,hostel_b,82.4111
2026-01-05T23:15:00,hostel_b,79.1273
2026-01-05T23:30:00,hostel_b,66.5699
2026-01-05T23:45:00,hostel_b,60.5454
2026-01-06T00:00:00,hostel_b,57.2081
2026-01-06T00:15:00,hostel_b,55.3650
2026-01-06T00:30:00,hostel_b,50.1127
2026-01-06T00:45:00,hostel_b,49.7535
2026-01-06T01:00:00,hostel_b,44.0661
2026-01-06T01:15:00,hostel_b,34.7511
2026-01-06T01:30:00,hostel_b,30.0770
2026-01-06T01:45:00,hostel_b,24.3594
2026-01-06T02:00:00,hostel_b,16.4396
2026-01-06T02:15:00,hostel_b,16.2661
2026-01-06T02:30:00,hostel_b,16.4195
2026-01-06T02:45:00,hostel_b,16.4059
2026-01-06T03:00:00,hostel_b,16.8202
2026-01-06T03:15:00,hostel_b,16.9857
2026-01-06T03:30:00,hostel_b,16.6259
2026-01-06T03:45:00,hostel_b,15.9297
2026-01-06T04:00:00,hostel_b,16.9838
2026-01-06T04:15:00,hostel_b,16.8468
2026-01-06T04:30:00,hostel_b,17.3828
2026-01-06T04:45:00,hostel_b,18.4026
2026-01-06T05:00:00,hostel_b,17.9420
2026-01-06T05:15:00,hostel_b,17.5487
2026-01-06T05:30:00,hostel_b,23.2333
2026-01-06T05:45:00,hostel_b,29.8699
2026-01-06T06:00:00,hostel_b,35.8115
2026-01-06T06:15:00,hostel_b,44.2056
2026-01-06T06:30:00,hostel_b,51.0816
2026-01-06T06:45:00,hostel_b,53.7380
2026-01-06T07:00:00,hostel_b,48.5746
2026-01-06T07:15:00,hostel_b,47.1252
2026-01-06T07:30:00,hostel_b,49.8807
2026-01-06T07:45:00,hostel_b,47.6811
2026-01-06T08:00:00,hostel_b,45.3675
2026-01-06T08:15:00,hostel_b,42.8634
2026-01-06T08:30:00,hostel_b,40.5410
2026-01-06T08:45:00,hostel_b,35.9267
2026-01-06T09:00:00,hostel_b,33.3237
2026-01-06T09:15:00,hostel_b,32.4116
2026-01-06T09:30:00,hostel_b,29.3873
2026-01-06T09:45:00,hostel_b,28.4311
2026-01-06T10:00:00,hostel_b,28.8586
2026-01-06T10:15:00,hostel_b,29.6727
2026-01-06T10:30:00,hostel_b,27.9035
2026-01-06T10:45:00,hostel_b,26.5374
2026-01-06T11:00:00,hostel_b,27.2671
2026-01-06T11:15:00,hostel_b,28.7707
2026-01-06T11:30:00,hostel_b,29.6368
2026-01-06T11:45:00,hostel_b,27.6540
2026-01-06T12:00:00,hostel_b,29.3658
2026-01-06T12:15:00,hostel_b,29.3488
2026-01-06T12:30:00,hostel_b,29.0944
2026-01-06T12:45:00,hostel_b,28.8862
2026-01-06T13:00:00,hostel_b,29.0200
2026-01-06T13:15:00,hostel_b,32.3087
2026-01-06T13:30:00,hostel_b,30.5625
2026-01-06T13:45:00,hostel_b,30.2583
2026-01-06T14:00:00,hostel_b,31.9147
2026-01-06T14:15:00,hostel_b,32.8386
2026-01-06T14:30:00,hostel_b,31.9757
2026-01-06T14:45:00,hostel_b,31.7181
2026-01-06T15:00:00,hostel_b,32.6926
2026-01-06T15:15:00,hostel_b,32.4544
2026-01-06T15:30:00,hostel_b,29.9385
2026-01-06T15:45:00,hostel_b,32.2203
2026-01-06T16:00:00,hostel_b,36.3038
2026-01-06T16:15:00,hostel_b,38.7230
2026-01-06T16:30:00,hostel_b,47.1111
2026-01-06T16:45:00,hostel_b,51.5420
2026-01-06T17:00:00,hostel_b,52.5931
2026-01-06T17:15:00,hostel_b,65.8051
2026-01-06T17:30:00,hostel_b,68.2581
2026-01-06T17:45:00,hostel_b,54.7663
2026-01-06T18:00:00,hostel_b,50.2223
2026-01-06T18:15:00,hostel_b,50.0756
2026-01-06T18:30:00,hostel_b,53.2325
2026-01-06T18:45:00,hostel_b,57.8102
2026-01-06T19:00:00,hostel_b,64.5793
2026-01-06T19:15:00,hostel_b,70.5382
2026-01-06T19:30:00,hostel_b,77.6792
2026-01-06T19:45:00,hostel_b,79.8558
2026-01-06T20:00:00,hostel_b,85.7534
2026-01-06T20:15:00,hostel_b,89.2075
2026-01-06T20:30:00,hostel_b,85.8722
2026-01-06T20:45:00,hostel_b,85.9316
2026-01-06T21:00:00,hostel_b,89.1413
2026-01-06T21:15:00,hostel_b,91.5746
2026-01-06T21:30:00,hostel_b,90.7959
2026-01-06T21:45:00,hostel_b,86.8200
2026-01-06T22:00:00,hostel_b,86.4782
2026-01-06T22:15:00,hostel_b,88.6537
2026-01-06T22:30:00,hostel_b,89.6354
2026-01-06T22:45:00,hostel_b,80.1952
2026-01-06T23:00:00,hostel_b,78.3882
2026-01-06T23:15:00,hostel_b,70.7003
2026-01-06T23:30:00,hostel_b,64.1167
2026-01-06T23:45:00,hostel_b,58.7486
2026-01-07T00:00:00,hostel_b,57.4071
2026-01-07T00:15:00,hostel_b,57.2111
2026-01-07T00:30:00,hostel_b,54.7179
2026-01-07T00:45:00,hostel_b,54.0644
2026-01-07T01:00:00,hostel_b,44.2497
2026-01-07T01:15:00,hostel_b,38.9761
2026-01-07T01:30:00,hostel_b,34.2815
2026-01-07T01:45:00,hostel_b,27.0100
2026-01-07T02:00:00,hostel_b,18.3084
2026-01-07T02:15:00,hostel_b,18.0105
2026-01-07T02:30:00,hostel_b,16.3782
2026-01-07T02:45:00,hostel_b,18.4073
2026-01-07T03:00:00,hostel_b,18.8407
2026-01-07T03:15:00,hostel_b,18.1641
2026-01-07T03:30:00,hostel_b,18.5468
2026-01-07T03:45:00,hostel_b,17.6181
2026-01-07T04:00:00,hostel_b,16.5027
2026-01-07T04:15:00,hostel_b,16.1059
2026-01-07T04:30:00,hostel_b,16.9874
2026-01-07T04:45:00,hostel_b,15.8543
2026-01-07T05:00:00,hostel_b,16.0985
2026-01-07T05:15:00,hostel_b,16.6728
2026-01-07T05:30:00,hostel_b,24.4588
2026-01-07T05:45:00,hostel_b,32.5490
2026-01-07T06:00:00,hostel_b,39.6055
2026-01-07T06:15:00,hostel_b,50.0784
2026-01-07T06:30:00,hostel_b,53.1079
2026-01-07T06:45:00,hostel_b,50.6699
2026-01-07T07:00:00,hostel_b,49.5998
2026-01-07T07:15:00,hostel_b,50.8147
2026-01-07T07:30:00,hostel_b,56.1231
2026-01-07T07:45:00,hostel_b,57.7559
2026-01-07T08:00:00,hostel_b,55.3941
2026-01-07T08:15:00,hostel_b,52.0508
2026-01-07T08:30:00,hostel_b,51.0358
2026-01-07T08:45:00,hostel_b,44.2529
2026-01-07T09:00:00,hostel_b,41.0103
2026-01-07T09:15:00,hostel_b,33.0406
2026-01-07T09:30:00,hostel_b,31.2362
2026-01-07T09:45:00,hostel_b,33.1567
2026-01-07T10:00:00,hostel_b,31.9173
2026-01-07T10:15:00,hostel_b,30.2420
2026-01-07T10:30:00,hostel_b,28.4266
2026-01-07T10:45:00,hostel_b,29.2749
2026-01-07T11:00:00,hostel_b,29.5134
2026-01-07T11:15:00,hostel_b,30.3671
2026-01-07T11:30:00,hostel_b,30.9653
2026-01-07T11:45:00,hostel_b,31.2683
2026-01-07T12:00:00,hostel_b,28.2534
2026-01-07T12:15:00,hostel_b,28.3008
2026-01-07T12:30:00,hostel_b,28.1761
2026-01-07T12:45:00,hostel_b,29.1243
2026-01-07T13:00:00,hostel_b,29.1097
2026-01-07T13:15:00,hostel_b,30.8690
2026-01-07T13:30:00,hostel_b,30.3164
2026-01-07T13:45:00,hostel_b,28.7470
2026-01-07T14:00:00,hostel_b,28.9414
2026-01-07T14:15:00,hostel_b,26.6316
2026-01-07T14:30:00,hostel_b,28.1817
2026-01-07T14:45:00,hostel_b,28.5475
2026-01-07T15:00:00,hostel_b,30.8510
2026-01-07T15:15:00,hostel_b,28.8318
2026-01-07T15:30:00,hostel_b,27.7547
2026-01-07T15:45:00,hostel_b,27.7556
2026-01-07T16:00:00,hostel_b,33.0689
2026-01-07T16:15:00,hostel_b,36.6025
2026-01-07T16:30:00,hostel_b,39.4411
2026-01-07T16:45:00,hostel_b,44.6553
2026-01-07T17:00:00,hostel_b,49.9217
2026-01-07T17:15:00,hostel_b,50.1272
2026-01-07T17:30:00,hostel_b,50.2215
2026-01-07T17:45:00,hostel_b,51.4768
2026-01-07T18:00:00,hostel_b,50.7090
2026-01-07T18:15:00,hostel_b,50.7040
2026-01-07T18:30:00,hostel_b,55.2765
2026-01-07T18:45:00,hostel_b,63.1221
2026-01-07T19:00:00,hostel_b,73.3180
2026-01-07T19:15:00,hostel_b,75.1143
2026-01-07T19:30:00,hostel_b,81.9880
2026-01-07T19:45:00,hostel_b,83.6294
2026-01-07T20:00:00,hostel_b,89.1491
2026-01-07T20:15:00,hostel_b,89.8483
2026-01-07T20:30:00,hostel_b,89.8551
2026-01-07T20:45:00,hostel_b,86.8388
2026-01-07T21:00:00,hostel_b,82.3537
2026-01-07T21:15:00,hostel_b,81.6266
2026-01-07T21:30:00,hostel_b,86.0070
2026-01-07T21:45:00,hostel_b,82.2802
2026-01-07T22:00:00,hostel_b,84.7293
2026-01-07T22:15:00,hostel_b,79.9800
2026-01-07T22:30:00,hostel_b,73.4013
2026-01-07T22:45:00,hostel_b,71.0569
2026-01-07T23:00:00,hostel_b,67.8140
2026-01-07T23:15:00,hostel_b,67.7068
2026-01-07T23:30:00,hostel_b,58.6932
2026-01-07T23:45:00,hostel_b,62.3062
2026-01-08T00:00:00,hostel_b,58.0972
2026-01-08T00:15:00,hostel_b,53.5957
2026-01-08T00:30:00,hostel_b,50.4190
2026-01-08T00:45:00,hostel_b,54.6361
2026-01-08T01:00:00,hostel_b,47.7358
2026-01-08T01:15:00,hostel_b,42.2758
2026-01-08T01:30:00,hostel_b,33.9104
2026-01-08T01:45:00,hostel_b,26.8546
2026-01-08T02:00:00,hostel_b,19.6214
2026-01-08T02:15:00,hostel_b,19.4600
2026-01-08T02:30:00,hostel_b,18.8925
2026-01-08T02:45:00,hostel_b,18.4499
2026-01-08T03:00:00,hostel_b,17.7177
2026-01-08T03:15:00,hostel_b,18.0030
2026-01-08T03:30:00,hostel_b,18.6451
2026-01-08T03:45:00,hostel_b,17.4016
2026-01-08T04:00:00,hostel_b,17.6446
2026-01-08T04:15:00,hostel_b,17.9949
2026-01-08T04:30:00,hostel_b,17.2091
2026-01-08T04:45:00,hostel_b,16.8597
2026-01-08T05:00:00,hostel_b,17.3607
2026-01-08T05:15:00,hostel_b,18.5071
2026-01-08T05:30:00,hostel_b,25.6382
2026-01-08T05:45:00,hostel_b,33.0373
2026-01-08T06:00:00,hostel_b,40.5140
2026-01-08T06:15:00,hostel_b,49.6515
2026-01-08T06:30:00,hostel_b,51.5774
2026-01-08T06:45:00,hostel_b,46.4012
2026-01-08T07:00:00,hostel_b,50.1358
2026-01-08T07:15:00,hostel_b,49.8744
2026-01-08T07:30:00,hostel_b,50.0450
2026-01-08T07:45:00,hostel_b,54.3981
2026-01-08T08:00:00,hostel_b,50.6491
2026-01-08T08:15:00,hostel_b,53.0008
2026-01-08T08:30:00,hostel_b,47.1572
2026-01-08T08:45:00,hostel_b,41.4628
2026-01-08T09:00:00,hostel_b,38.9248
2026-01-08T09:15:00,hostel_b,35.4351
2026-01-08T09:30:00,hostel_b,30.2195
2026-01-08T09:45:00,hostel_b,31.6699
2026-01-08T10:00:00,hostel_b,32.6417
2026-01-08T10:15:00,hostel_b,30.6281
2026-01-08T10:30:00,hostel_b,31.0272
2026-01-08T10:45:00,hostel_b,31.0095
2026-01-08T11:00:00,hostel_b,28.4032
2026-01-08T11:15:00,hostel_b,29.2324
2026-01-08T11:30:00,hostel_b,27.4558
2026-01-08T11:45:00,hostel_b,25.6935
2026-01-08T12:00:00,hostel_b,26.6160
2026-01-08T12:15:00,hostel_b,27.1154
2026-01-08T12:30:00,hostel_b,27.7932
2026-01-08T12:45:00,hostel_b,30.1043
2026-01-08T13:00:00,hostel_b,31.1186
2026-01-08T13:15:00,hostel_b,30.5602
2026-01-08T13:30:00,hostel_b,31.0982
2026-01-08T13:45:00,hostel_b,32.9905
2026-01-08T14:00:00,hostel_b,30.1514
2026-01-08T14:15:00,hostel_b,30.9368
2026-01-08T14:30:00,hostel_b,32.6938
2026-01-08T14:45:00,hostel_b,31.2630
2026-01-08T15:00:00,hostel_b,40.8344
2026-01-08T15:15:00,hostel_b,42.8017
2026-01-08T15:30:00,hostel_b,32.3280
2026-01-08T15:45:00,hostel_b,29.9527
2026-01-08T16:00:00,hostel_b,35.3036
2026-01-08T16:15:00,hostel_b,38.3099
2026-01-08T16:30:00,hostel_b,44.6794
2026-01-08T16:45:00,hostel_b,49.0680
2026-01-08T17:00:00,hostel_b,52.3203
2026-01-08T17:15:00,hostel_b,52.6820
2026-01-08T17:30:00,hostel_b,51.8285
2026-01-08T17:45:00,hostel_b,55.9206
2026-01-08T18:00:00,hostel_b,54.4833
2026-01-08T18:15:00,hostel_b,54.9498
2026-01-08T18:30:00,hostel_b,58.8698
2026-01-08T18:45:00,hostel_b,65.6027
2026-01-08T19:00:00,hostel_b,67.7896
2026-01-08T19:15:00,hostel_b,78.2438
2026-01-08T19:30:00,hostel_b,83.2974
2026-01-08T19:45:00,hostel_b,80.6185
2026-01-08T20:00:00,hostel_b,75.9686
2026-01-08T20:15:00,hostel_b,77.7228
2026-01-08T20:30:00,hostel_b,76.3031
2026-01-08T20:45:00,hostel_b,78.0165
2026-01-08T21:00:00,hostel_b,83.2827
2026-01-08T21:15:00,hostel_b,83.3492
2026-01-08T21:30:00,hostel_b,77.2020
2026-01-08T21:45:00,hostel_b,75.5287
2026-01-08T22:00:00,hostel_b,85.9304
2026-01-08T22:15:00,hostel_b,84.9533
2026-01-08T22:30:00,hostel_b,79.2335
2026-01-08T22:45:00,hostel_b,79.0027
2026-01-08T23:00:00,hostel_b,72.6351
2026-01-08T23:15:00,hostel_b,65.0950
2026-01-08T23:30:00,hostel_b,61.3026
2026-01-08T23:45:00,hostel_b,58.1588
2026-01-09T00:00:00,hostel_b,55.3919
2026-01-09T00:15:00,hostel_b,54.8174
2026-01-09T00:30:00,hostel_b,55.4648
2026-01-09T00:45:00,hostel_b,55.6587
2026-01-09T01:00:00,hostel_b,49.2535
2026-01-09T01:15:00,hostel_b,43.0328
2026-01-09T01:30:00,hostel_b,34.2941
2026-01-09T01:45:00,hostel_b,26.5620
2026-01-09T02:00:00,hostel_b,19.7151
2026-01-09T02:15:00,hostel_b,18.6352
2026-01-09T02:30:00,hostel_b,18.7285
2026-01-09T02:45:00,hostel_b,18.3079
2026-01-09T03:00:00,hostel_b,19.0234
2026-01-09T03:15:00,hostel_b,19.1499
2026-01-09T03:30:00,hostel_b,18.5642
2026-01-09T03:45:00,hostel_b,17.8117
2026-01-09T04:00:00,hostel_b,17.3070
2026-01-09T04:15:00,hostel_b,16.3464
2026-01-09T04:30:00,hostel_b,16.4650
2026-01-09T04:45:00,hostel_b,17.3597
2026-01-09T05:00:00,hostel_b,17.6432
2026-01-09T05:15:00,hostel_b,18.1781
2026-01-09T05:30:00,hostel_b,25.7704
2026-01-09T05:45:00,hostel_b,33.0518
2026-01-09T06:00:00,hostel_b,40.4532
2026-01-09T06:15:00,hostel_b,46.4790
2026-01-09T06:30:00,hostel_b,52.5392
2026-01-09T06:45:00,hostel_b,49.1784
2026-01-09T07:00:00,hostel_b,47.3256
2026-01-09T07:15:00,hostel_b,48.2019
2026-01-09T07:30:00,hostel_b,47.5703
2026-01-09T07:45:00,hostel_b,47.8711
2026-01-09T08:00:00,hostel_b,49.8541
2026-01-09T08:15:00,hostel_b,48.2266
2026-01-09T08:30:00,hostel_b,45.9767
2026-01-09T08:45:00,hostel_b,44.9050
2026-01-09T09:00:00,hostel_b,36.7975
2026-01-09T09:15:00,hostel_b,33.4633
2026-01-09T09:30:00,hostel_b,31.0674
2026-01-09T09:45:00,hostel_b,29.7602
2026-01-09T10:00:00,hostel_b,29.7540
2026-01-09T10:15:00,hostel_b,29.7343
2026-01-09T10:30:00,hostel_b,29.9660
2026-01-09T10:45:00,hostel_b,29.1360
2026-01-09T11:00:00,hostel_b,30.4533
2026-01-09T11:15:00,hostel_b,30.8478
2026-01-09T11:30:00,hostel_b,29.0721
2026-01-09T11:45:00,hostel_b,29.0906
2026-01-09T12:00:00,hostel_b,31.2264
2026-01-09T12:15:00,hostel_b,28.3127
2026-01-09T12:30:00,hostel_b,30.1338
2026-01-09T12:45:00,hostel_b,28.1949
2026-01-09T13:00:00,hostel_b,28.1119
2026-01-09T13:15:00,hostel_b,28.3668
2026-01-09T13:30:00,hostel_b,25.8522
2026-01-09T13:45:00,hostel_b,26.8009
2026-01-09T14:00:00,hostel_b,26.1760
2026-01-09T14:15:00,hostel_b,26.7837
2026-01-09T14:30:00,hostel_b,28.9006
2026-01-09T14:45:00,hostel_b,27.5826
2026-01-09T15:00:00,hostel_b,30.5842
2026-01-09T15:15:00,hostel_b,33.3504
2026-01-09T15:30:00,hostel_b,36.1045
2026-01-09T15:45:00,hostel_b,32.9507
2026-01-09T16:00:00,hostel_b,35.6733
2026-01-09T16:15:00,hostel_b,40.8784
2026-01-09T16:30:00,hostel_b,44.8844
2026-01-09T16:45:00,hostel_b,48.8888
2026-01-09T17:00:00,hostel_b,51.2732
2026-01-09T17:15:00,hostel_b,49.8480
2026-01-09T17:30:00,hostel_b,46.9497
2026-01-09T17:45:00,hostel_b,47.2423
2026-01-09T18:00:00,hostel_b,48.5628
2026-01-09T18:15:00,hostel_b,47.8015
2026-01-09T18:30:00,hostel_b,51.3780
2026-01-09T18:45:00,hostel_b,61.7344
2026-01-09T19:00:00,hostel_b,66.2909
2026-01-09T19:15:00,hostel_b,74.6085
2026-01-09T19:30:00,hostel_b,87.4847
2026-01-09T19:45:00,hostel_b,82.7182
2026-01-09T20:00:00,hostel_b,88.7221
2026-01-09T20:15:00,hostel_b,90.3409
2026-01-09T20:30:00,hostel_b,80.3909
2026-01-09T20:45:00,hostel_b,83.1071
2026-01-09T21:00:00,hostel_b,84.0923
2026-01-09T21:15:00,hostel_b,75.0392
2026-01-09T21:30:00,hostel_b,83.1617
2026-01-09T21:45:00,hostel_b,79.0466
2026-01-09T22:00:00,hostel_b,76.7635
2026-01-09T22:15:00,hostel_b,80.6632
2026-01-09T22:30:00,hostel_b,73.2763
2026-01-09T22:45:00,hostel_b,69.9413
2026-01-09T23:00:00,hostel_b,69.5468
2026-01-09T23:15:00,hostel_b,66.3770
2026-01-09T23:30:00,hostel_b,63.6292
2026-01-09T23:45:00,hostel_b,63.8251
2026-01-10T00:00:00,hostel_b,66.8274
2026-01-10T00:15:00,hostel_b,60.7093
2026-01-10T00:30:00,hostel_b,55.4139
2026-01-10T00:45:00,hostel_b,59.7748
2026-01-10T01:00:00,hostel_b,61.4053
2026-01-10T01:15:00,hostel_b,58.6773
2026-01-10T01:30:00,hostel_b,51.7862
2026-01-10T01:45:00,hostel_b,44.3017
2026-01-10T02:00:00,hostel_b,37.5280
2026-01-10T02:15:00,hostel_b,27.5312
2026-01-10T02:30:00,hostel_b,18.5677
2026-01-10T02:45:00,hostel_b,17.4312
2026-01-10T03:00:00,hostel_b,16.5565
2026-01-10T03:15:00,hostel_b,15.9658
2026-01-10T03:30:00,hostel_b,16.3961
2026-01-10T03:45:00,hostel_b,16.9211
2026-01-10T04:00:00,hostel_b,16.2814
2026-01-10T04:15:00,hostel_b,16.5077
2026-01-10T04:30:00,hostel_b,16.9872
2026-01-10T04:45:00,hostel_b,17.0798
2026-01-10T05:00:00,hostel_b,18.0033
2026-01-10T05:15:00,hostel_b,18.4474
2026-01-10T05:30:00,hostel_b,18.1612
2026-01-10T05:45:00,hostel_b,17.7447
2026-01-10T06:00:00,hostel_b,16.3622
2026-01-10T06:15:00,hostel_b,17.1857
2026-01-10T06:30:00,hostel_b,18.4043
2026-01-10T06:45:00,hostel_b,17.8770
2026-01-10T07:00:00,hostel_b,22.9989
2026-01-10T07:15:00,hostel_b,28.2867
2026-01-10T07:30:00,hostel_b,38.1597
2026-01-10T07:45:00,hostel_b,43.7661
2026-01-10T08:00:00,hostel_b,46.0638
2026-01-10T08:15:00,hostel_b,46.3830
2026-01-10T08:30:00,hostel_b,46.9770
2026-01-10T08:45:00,hostel_b,47.2409
2026-01-10T09:00:00,hostel_b,52.0432
2026-01-10T09:15:00,hostel_b,49.0475
2026-01-10T09:30:00,hostel_b,49.4716
2026-01-10T09:45:00,hostel_b,56.9402
2026-01-10T10:00:00,hostel_b,57.3162
2026-01-10T10:15:00,hostel_b,48.0929
2026-01-10T10:30:00,hostel_b,48.6516
2026-01-10T10:45:00,hostel_b,43.6403
2026-01-10T11:00:00,hostel_b,42.3366
2026-01-10T11:15:00,hostel_b,42.5107
2026-01-10T11:30:00,hostel_b,42.5749
2026-01-10T11:45:00,hostel_b,47.4803
2026-01-10T12:00:00,hostel_b,49.8453
2026-01-10T12:15:00,hostel_b,49.1230
2026-01-10T12:30:00,hostel_b,48.4818
2026-01-10T12:45:00,hostel_b,48.5330
2026-01-10T13:00:00,hostel_b,46.3540
2026-01-10T13:15:00,hostel_b,48.1687
2026-01-10T13:30:00,hostel_b,48.0286
2026-01-10T13:45:00,hostel_b,49.1121
2026-01-10T14:00:00,hostel_b,49.0734
2026-01-10T14:15:00,hostel_b,51.1177
2026-01-10T14:30:00,hostel_b,49.8654
2026-01-10T14:45:00,hostel_b,53.8014
2026-01-10T15:00:00,hostel_b,56.5421
2026-01-10T15:15:00,hostel_b,56.0076
2026-01-10T15:30:00,hostel_b,55.5930
2026-01-10T15:45:00,hostel_b,53.6521
2026-01-10T16:00:00,hostel_b,54.6945
2026-01-10T16:15:00,hostel_b,54.5763
2026-01-10T16:30:00,hostel_b,55.6713
2026-01-10T16:45:00,hostel_b,53.2054
2026-01-10T17:00:00,hostel_b,48.5695
2026-01-10T17:15:00,hostel_b,49.6325
2026-01-10T17:30:00,hostel_b,54.5851
2026-01-10T17:45:00,hostel_b,64.2079
2026-01-10T18:00:00,hostel_b,67.8195
2026-01-10T18:15:00,hostel_b,80.3270
2026-01-10T18:30:00,hostel_b,80.7471
2026-01-10T18:45:00,hostel_b,85.3740
2026-01-10T19:00:00,hostel_b,84.8240
2026-01-10T19:15:00,hostel_b,79.0743
2026-01-10T19:30:00,hostel_b,79.9776
2026-01-10T19:45:00,hostel_b,81.5813
2026-01-10T20:00:00,hostel_b,82.1275
2026-01-10T20:15:00,hostel_b,79.9172
2026-01-10T20:30:00,hostel_b,85.9536
2026-01-10T20:45:00,hostel_b,89.3893
2026-01-10T21:00:00,hostel_b,89.5523
2026-01-10T21:15:00,hostel_b,91.0228
2026-01-10T21:30:00,hostel_b,86.8276
2026-01-10T21:45:00,hostel_b,79.2713
2026-01-10T22:00:00,hostel_b,76.5513
2026-01-10T22:15:00,hostel_b,74.5067
2026-01-10T22:30:00,hostel_b,75.2380
2026-01-10T22:45:00,hostel_b,75.6668
2026-01-10T23:00:00,hostel_b,73.3160
2026-01-10T23:15:00,hostel_b,72.8221
2026-01-10T23:30:00,hostel_b,60.7770
2026-01-10T23:45:00,hostel_b,57.6327
2026-01-11T00:00:00,hostel_b,59.1860
2026-01-11T00:15:00,hostel_b,58.7427
2026-01-11T00:30:00,hostel_b,59.4056
2026-01-11T00:45:00,hostel_b,56.5821
2026-01-11T01:00:00,hostel_b,68.2752
2026-01-11T01:15:00,hostel_b,63.5407
2026-01-11T01:30:00,hostel_b,47.5913
2026-01-11T01:45:00,hostel_b,44.0065
2026-01-11T02:00:00,hostel_b,35.1811
2026-01-11T02:15:00,hostel_b,26.8654
2026-01-11T02:30:00,hostel_b,17.3203
2026-01-11T02:45:00,hostel_b,15.8367
2026-01-11T03:00:00,hostel_b,14.2258
2026-01-11T03:15:00,hostel_b,15.6943
2026-01-11T03:30:00,hostel_b,18.4312
2026-01-11T03:45:00,hostel_b,16.1061
2026-01-11T04:00:00,hostel_b,16.8181
2026-01-11T04:15:00,hostel_b,16.9833
2026-01-11T04:30:00,hostel_b,17.4666
2026-01-11T04:45:00,hostel_b,18.3820
2026-01-11T05:00:00,hostel_b,18.3119
2026-01-11T05:15:00,hostel_b,17.4062
2026-01-11T05:30:00,hostel_b,17.1595
2026-01-11T05:45:00,hostel_b,16.8462
2026-01-11T06:00:00,hostel_b,17.8699
2026-01-11T06:15:00,hostel_b,18.8522
2026-01-11T06:30:00,hostel_b,17.9970
2026-01-11T06:45:00,hostel_b,17.8073
2026-01-11T07:00:00,hostel_b,22.2259
2026-01-11T07:15:00,hostel_b,25.2324
2026-01-11T07:30:00,hostel_b,33.3305
2026-01-11T07:45:00,hostel_b,40.4371
2026-01-11T08:00:00,hostel_b,43.6025
2026-01-11T08:15:00,hostel_b,48.5779
2026-01-11T08:30:00,hostel_b,48.6230
2026-01-11T08:45:00,hostel_b,52.8389
2026-01-11T09:00:00,hostel_b,52.7789
2026-01-11T09:15:00,hostel_b,50.9622
2026-01-11T09:30:00,hostel_b,49.4402
2026-01-11T09:45:00,hostel_b,51.7351
2026-01-11T10:00:00,hostel_b,50.7112
2026-01-11T10:15:00,hostel_b,50.3592
2026-01-11T10:30:00,hostel_b,52.6279
2026-01-11T10:45:00,hostel_b,56.8072
2026-01-11T11:00:00,hostel_b,56.4348
2026-01-11T11:15:00,hostel_b,52.7716
2026-01-11T11:30:00,hostel_b,53.2496
2026-01-11T11:45:00,hostel_b,54.3437
2026-01-11T12:00:00,hostel_b,48.4519
2026-01-11T12:15:00,hostel_b,50.7564
2026-01-11T12:30:00,hostel_b,52.7902
2026-01-11T12:45:00,hostel_b,51.7905
2026-01-11T13:00:00,hostel_b,50.7440
2026-01-11T13:15:00,hostel_b,49.0519
2026-01-11T13:30:00,hostel_b,50.4370
2026-01-11T13:45:00,hostel_b,52.9723
2026-01-11T14:00:00,hostel_b,49.0619
2026-01-11T14:15:00,hostel_b,51.2084
2026-01-11T14:30:00,hostel_b,53.7519
2026-01-11T14:45:00,hostel_b,52.0339
2026-01-11T15:00:00,hostel_b,53.7209
2026-01-11T15:15:00,hostel_b,50.7581
2026-01-11T15:30:00,hostel_b,51.5722
2026-01-11T15:45:00,hostel_b,49.0049
2026-01-11T16:00:00,hostel_b,50.3582
2026-01-11T16:15:00,hostel_b,51.7018
2026-01-11T16:30:00,hostel_b,51.0816
2026-01-11T16:45:00,hostel_b,50.8098
2026-01-11T17:00:00,hostel_b,49.2126
2026-01-11T17:15:00,hostel_b,52.6631
2026-01-11T17:30:00,hostel_b,56.2051
2026-01-11T17:45:00,hostel_b,64.6146
2026-01-11T18:00:00,hostel_b,72.4910
2026-01-11T18:15:00,hostel_b,77.2386
2026-01-11T18:30:00,hostel_b,89.1834
2026-01-11T18:45:00,hostel_b,85.5449
2026-01-11T19:00:00,hostel_b,84.4218
2026-01-11T19:15:00,hostel_b,79.7038
2026-01-11T19:30:00,hostel_b,84.3574
2026-01-11T19:45:00,hostel_b,84.2501
2026-01-11T20:00:00,hostel_b,82.4162
2026-01-11T20:15:00,hostel_b,80.2165
2026-01-11T20:30:00,hostel_b,73.8390
2026-01-11T20:45:00,hostel_b,81.1738
2026-01-11T21:00:00,hostel_b,80.2030
2026-01-11T21:15:00,hostel_b,85.1292
2026-01-11T21:30:00,hostel_b,83.9895
2026-01-11T21:45:00,hostel_b,78.0458
2026-01-11T22:00:00,hostel_b,80.3470
2026-01-11T22:15:00,hostel_b,86.7774
2026-01-11T22:30:00,hostel_b,83.1439
2026-01-11T22:45:00,hostel_b,81.3408
2026-01-11T23:00:00,hostel_b,74.7681
2026-01-11T23:15:00,hostel_b,74.4415
2026-01-11T23:30:00,hostel_b,73.3716
2026-01-11T23:45:00,hostel_b,70.5528
2026-01-05T00:00:00,hostel_c,74.5137
2026-01-05T00:15:00,hostel_c,70.8285
2026-01-05T00:30:00,hostel_c,60.1823
2026-01-05T00:45:00,hostel_c,65.2390
2026-01-05T01:00:00,hostel_c,55.5395
2026-01-05T01:15:00,hostel_c,54.8038
2026-01-05T01:30:00,hostel_c,44.9265
2026-01-05T01:45:00,hostel_c,33.9477
2026-01-05T02:00:00,hostel_c,26.0028
2026-01-05T02:15:00,hostel_c,25.6798
2026-01-05T02:30:00,hostel_c,25.1263
2026-01-05T02:45:00,hostel_c,24.1853
2026-01-05T03:00:00,hostel_c,27.0922
2026-01-05T03:15:00,hostel_c,29.8035
2026-01-05T03:30:00,hostel_c,28.7562
2026-01-05T03:45:00,hostel_c,27.7596
2026-01-05T04:00:00,hostel_c,30.2929
2026-01-05T04:15:00,hostel_c,26.9335
2026-01-05T04:30:00,hostel_c,25.5562
2026-01-05T04:45:00,hostel_c,24.0826
2026-01-05T05:00:00,hostel_c,25.7635
2026-01-05T05:15:00,hostel_c,26.1163
2026-01-05T05:30:00,hostel_c,34.6049
2026-01-05T05:45:00,hostel_c,41.3549
2026-01-05T06:00:00,hostel_c,55.6595
2026-01-05T06:15:00,hostel_c,73.8973
2026-01-05T06:30:00,hostel_c,83.0163
2026-01-05T06:45:00,hostel_c,72.9483
2026-01-05T07:00:00,hostel_c,73.9512
2026-01-05T07:15:00,hostel_c,70.8404
2026-01-05T07:30:00,hostel_c,66.1815
2026-01-05T07:45:00,hostel_c,65.0414
2026-01-05T08:00:00,hostel_c,70.2674
2026-01-05T08:15:00,hostel_c,67.7191
2026-01-05T08:30:00,hostel_c,59.4473
2026-01-05T08:45:00,hostel_c,61.4944
2026-01-05T09:00:00,hostel_c,58.6687
2026-01-05T09:15:00,hostel_c,53.8776
2026-01-05T09:30:00,hostel_c,45.5284
2026-01-05T09:45:00,hostel_c,48.4471
2026-01-05T10:00:00,hostel_c,49.9846
2026-01-05T10:15:00,hostel_c,47.4622
2026-01-05T10:30:00,hostel_c,48.0214
2026-01-05T10:45:00,hostel_c,49.2026
2026-01-05T11:00:00,hostel_c,47.8160
2026-01-05T11:15:00,hostel_c,51.5133
2026-01-05T11:30:00,hostel_c,54.1233
2026-01-05T11:45:00,hostel_c,51.3779
2026-01-05T12:00:00,hostel_c,46.9657
2026-01-05T12:15:00,hostel_c,50.4862
2026-01-05T12:30:00,hostel_c,48.5358
2026-01-05T12:45:00,hostel_c,63.2308
2026-01-05T13:00:00,hostel_c,64.5790
2026-01-05T13:15:00,hostel_c,47.1392
2026-01-05T13:30:00,hostel_c,45.0296
2026-01-05T13:45:00,hostel_c,42.6610
2026-01-05T14:00:00,hostel_c,40.6776
2026-01-05T14:15:00,hostel_c,39.6158
2026-01-05T14:30:00,hostel_c,37.0025
2026-01-05T14:45:00,hostel_c,34.1483
2026-01-05T15:00:00,hostel_c,33.5863
2026-01-05T15:15:00,hostel_c,35.9973
2026-01-05T15:30:00,hostel_c,41.1548
2026-01-05T15:45:00,hostel_c,43.3145
2026-01-05T16:00:00,hostel_c,49.0406
2026-01-05T16:15:00,hostel_c,54.3875
2026-01-05T16:30:00,hostel_c,56.9914
2026-01-05T16:45:00,hostel_c,65.9329
2026-01-05T17:00:00,hostel_c,64.9970
2026-01-05T17:15:00,hostel_c,67.6611
2026-01-05T17:30:00,hostel_c,65.4062
2026-01-05T17:45:00,hostel_c,63.2183
2026-01-05T18:00:00,hostel_c,61.4834
2026-01-05T18:15:00,hostel_c,61.7353
2026-01-05T18:30:00,hostel_c,73.7625
2026-01-05T18:45:00,hostel_c,79.3667
2026-01-05T19:00:00,hostel_c,98.3461
2026-01-05T19:15:00,hostel_c,117.9053
2026-01-05T19:30:00,hostel_c,115.4574
2026-01-05T19:45:00,hostel_c,111.2980
2026-01-05T20:00:00,hostel_c,105.1250
2026-01-05T20:15:00,hostel_c,111.9121
2026-01-05T20:30:00,hostel_c,110.6587
2026-01-05T20:45:00,hostel_c,111.3548
2026-01-05T21:00:00,hostel_c,105.8638
2026-01-05T21:15:00,hostel_c,110.6484
2026-01-05T21:30:00,hostel_c,113.9347
2026-01-05T21:45:00,hostel_c,107.5939
2026-01-05T22:00:00,hostel_c,100.0042
2026-01-05T22:15:00,hostel_c,108.6672
2026-01-05T22:30:00,hostel_c,107.0656
2026-01-05T22:45:00,hostel_c,104.7088
2026-01-05T23:00:00,hostel_c,111.9134
2026-01-05T23:15:00,hostel_c,93.5445
2026-01-05T23:30:00,hostel_c,87.1555
2026-01-05T23:45:00,hostel_c,85.5868
2026-01-06T00:00:00,hostel_c,84.0803
2026-01-06T00:15:00,hostel_c,82.9903
2026-01-06T00:30:00,hostel_c,72.7218
2026-01-06T00:45:00,hostel_c,73.4201
2026-01-06T01:00:00,hostel_c,64.6330
2026-01-06T01:15:00,hostel_c,53.6711
2026-01-06T01:30:00,hostel_c,43.8214
2026-01-06T01:45:00,hostel_c,33.2207
2026-01-06T02:00:00,hostel_c,23.0736
2026-01-06T02:15:00,hostel_c,24.7472
2026-01-06T02:30:00,hostel_c,22.6406
2026-01-06T02:45:00,hostel_c,20.2962
2026-01-06T03:00:00,hostel_c,21.6245
2026-01-06T03:15:00,hostel_c,24.4201
2026-01-06T03:30:00,hostel_c,22.9393
2026-01-06T03:45:00,hostel_c,23.1595
2026-01-06T04:00:00,hostel_c,23.9965
2026-01-06T04:15:00,hostel_c,22.0836
2026-01-06T04:30:00,hostel_c,24.3246
2026-01-06T04:45:00,hostel_c,25.3180
2026-01-06T05:00:00,hostel_c,26.3733
2026-01-06T05:15:00,hostel_c,27.0443
2026-01-06T05:30:00,hostel_c,35.7840
2026-01-06T05:45:00,hostel_c,43.7587
2026-01-06T06:00:00,hostel_c,61.6455
2026-01-06T06:15:00,hostel_c,67.1370
2026-01-06T06:30:00,hostel_c,80.7121
2026-01-06T06:45:00,hostel_c,79.2040
2026-01-06T07:00:00,hostel_c,74.5051
2026-01-06T07:15:00,hostel_c,73.3694
2026-01-06T07:30:00,hostel_c,73.6810
2026-01-06T07:45:00,hostel_c,74.4658
2026-01-06T08:00:00,hostel_c,75.3555
2026-01-06T08:15:00,hostel_c,78.1223
2026-01-06T08:30:00,hostel_c,74.0092
2026-01-06T08:45:00,hostel_c,70.9649
2026-01-06T09:00:00,hostel_c,60.7888
2026-01-06T09:15:00,hostel_c,47.2537
2026-01-06T09:30:00,hostel_c,38.9774
2026-01-06T09:45:00,hostel_c,39.6288
2026-01-06T10:00:00,hostel_c,42.0059
2026-01-06T10:15:00,hostel_c,41.7283
2026-01-06T10:30:00,hostel_c,40.8127
2026-01-06T10:45:00,hostel_c,40.1277
2026-01-06T11:00:00,hostel_c,45.5452
2026-01-06T11:15:00,hostel_c,43.4893
2026-01-06T11:30:00,hostel_c,43.7135
2026-01-06T11:45:00,hostel_c,44.4908
2026-01-06T12:00:00,hostel_c,43.4098
2026-01-06T12:15:00,hostel_c,41.7794
2026-01-06T12:30:00,hostel_c,45.0632
2026-01-06T12:45:00,hostel_c,43.6708
2026-01-06T13:00:00,hostel_c,42.2151
2026-01-06T13:15:00,hostel_c,43.0146
2026-01-06T13:30:00,hostel_c,48.2676
2026-01-06T13:45:00,hostel_c,46.7187
2026-01-06T14:00:00,hostel_c,42.6601
2026-01-06T14:15:00,hostel_c,44.0482
2026-01-06T14:30:00,hostel_c,44.4703
2026-01-06T14:45:00,hostel_c,42.3804
2026-01-06T15:00:00,hostel_c,38.9778
2026-01-06T15:15:00,hostel_c,35.3267
2026-01-06T15:30:00,hostel_c,34.0248
2026-01-06T15:45:00,hostel_c,34.5629
2026-01-06T16:00:00,hostel_c,38.8659
2026-01-06T16:15:00,hostel_c,48.5040
2026-01-06T16:30:00,hostel_c,57.5160
2026-01-06T16:45:00,hostel_c,67.4422
2026-01-06T17:00:00,hostel_c,89.4796
2026-01-06T17:15:00,hostel_c,88.7586
2026-01-06T17:30:00,hostel_c,83.0662
2026-01-06T17:45:00,hostel_c,73.4999
2026-01-06T18:00:00,hostel_c,75.7016
2026-01-06T18:15:00,hostel_c,74.0790
2026-01-06T18:30:00,hostel_c,82.0144
2026-01-06T18:45:00,hostel_c,99.0931
2026-01-06T19:00:00,hostel_c,111.7534
2026-01-06T19:15:00,hostel_c,117.8062
2026-01-06T19:30:00,hostel_c,116.7323
2026-01-06T19:45:00,hostel_c,117.2638
2026-01-06T20:00:00,hostel_c,114.3900
2026-01-06T20:15:00,hostel_c,115.5867
2026-01-06T20:30:00,hostel_c,115.2587
2026-01-06T20:45:00,hostel_c,105.5574
2026-01-06T21:00:00,hostel_c,118.7396
2026-01-06T21:15:00,hostel_c,116.1934
2026-01-06T21:30:00,hostel_c,101.5105
2026-01-06T21:45:00,hostel_c,107.5612
2026-01-06T22:00:00,hostel_c,122.4039
2026-01-06T22:15:00,hostel_c,123.7750
2026-01-06T22:30:00,hostel_c,107.8983
2026-01-06T22:45:00,hostel_c,112.5021
2026-01-06T23:00:00,hostel_c,108.1900
2026-01-06T23:15:00,hostel_c,110.6433
2026-01-06T23:30:00,hostel_c,103.2985
2026-01-06T23:45:00,hostel_c,98.3954
2026-01-07T00:00:00,hostel_c,91.3042
2026-01-07T00:15:00,hostel_c,77.8871
2026-01-07T00:30:00,hostel_c,81.5473
2026-01-07T00:45:00,hostel_c,78.4405
2026-01-07T01:00:00,hostel_c,62.4193
2026-01-07T01:15:00,hostel_c,54.0109
2026-01-07T01:30:00,hostel_c,46.2987
2026-01-07T01:45:00,hostel_c,33.9609
2026-01-07T02:00:00,hostel_c,26.1044
2026-01-07T02:15:00,hostel_c,26.0412
2026-01-07T02:30:00,hostel_c,27.6605
2026-01-07T02:45:00,hostel_c,27.4137
2026-01-07T03:00:00,hostel_c,26.3076
2026-01-07T03:15:00,hostel_c,25.3125
2026-01-07T03:30:00,hostel_c,24.2554
2026-01-07T03:45:00,hostel_c,24.4149
2026-01-07T04:00:00,hostel_c,23.3928
2026-01-07T04:15:00,hostel_c,24.9209
2026-01-07T04:30:00,hostel_c,24.9974
2026-01-07T04:45:00,hostel_c,22.4099
2026-01-07T05:00:00,hostel_c,21.3101
2026-01-07T05:15:00,hostel_c,20.5248
2026-01-07T05:30:00,hostel_c,28.7472
2026-01-07T05:45:00,hostel_c,40.9886
2026-01-07T06:00:00,hostel_c,48.8895
2026-01-07T06:15:00,hostel_c,56.5108
2026-01-07T06:30:00,hostel_c,73.8774
2026-01-07T06:45:00,hostel_c,77.1089
2026-01-07T07:00:00,hostel_c,80.8390
2026-01-07T07:15:00,hostel_c,78.9158
2026-01-07T07:30:00,hostel_c,68.9135
2026-01-07T07:45:00,hostel_c,70.2086
2026-01-07T08:00:00,hostel_c,70.3657
2026-01-07T08:15:00,hostel_c,73.7373
2026-01-07T08:30:00,hostel_c,75.3225
2026-01-07T08:45:00,hostel_c,66.9721
2026-01-07T09:00:00,hostel_c,60.8743
2026-01-07T09:15:00,hostel_c,49.4396
2026-01-07T09:30:00,hostel_c,45.2279
2026-01-07T09:45:00,hostel_c,42.4904
2026-01-07T10:00:00,hostel_c,43.8407
2026-01-07T10:15:00,hostel_c,43.3486
2026-01-07T10:30:00,hostel_c,42.3428
2026-01-07T10:45:00,hostel_c,57.7046
2026-01-07T11:00:00,hostel_c,56.2182
2026-01-07T11:15:00,hostel_c,40.8546
2026-01-07T11:30:00,hostel_c,37.4200
2026-01-07T11:45:00,hostel_c,33.5493
2026-01-07T12:00:00,hostel_c,39.9684
2026-01-07T12:15:00,hostel_c,41.9733
2026-01-07T12:30:00,hostel_c,43.7730
2026-01-07T12:45:00,hostel_c,44.2397
2026-01-07T13:00:00,hostel_c,41.7274
2026-01-07T13:15:00,hostel_c,38.9576
2026-01-07T13:30:00,hostel_c,34.6415
2026-01-07T13:45:00,hostel_c,39.8481
2026-01-07T14:00:00,hostel_c,36.2876
2026-01-07T14:15:00,hostel_c,38.9289
2026-01-07T14:30:00,hostel_c,39.6960
2026-01-07T14:45:00,hostel_c,38.0830
2026-01-07T15:00:00,hostel_c,36.3887
2026-01-07T15:15:00,hostel_c,40.9335
2026-01-07T15:30:00,hostel_c,41.1807
2026-01-07T15:45:00,hostel_c,43.9891
2026-01-07T16:00:00,hostel_c,55.8440
2026-01-07T16:15:00,hostel_c,64.5491
2026-01-07T16:30:00,hostel_c,69.4091
2026-01-07T16:45:00,hostel_c,74.8744
2026-01-07T17:00:00,hostel_c,80.6110
2026-01-07T17:15:00,hostel_c,67.5100
2026-01-07T17:30:00,hostel_c,65.7375
2026-01-07T17:45:00,hostel_c,70.8283
2026-01-07T18:00:00,hostel_c,62.5565
2026-01-07T18:15:00,hostel_c,67.3214
2026-01-07T18:30:00,hostel_c,75.5367
2026-01-07T18:45:00,hostel_c,88.0975
2026-01-07T19:00:00,hostel_c,102.4837
2026-01-07T19:15:00,hostel_c,117.0856
2026-01-07T19:30:00,hostel_c,134.3459
2026-01-07T19:45:00,hostel_c,139.2724
2026-01-07T20:00:00,hostel_c,137.7032
2026-01-07T20:15:00,hostel_c,140.0000
2026-01-07T20:30:00,hostel_c,132.3745
2026-01-07T20:45:00,hostel_c,124.7773
2026-01-07T21:00:00,hostel_c,131.8445
2026-01-07T21:15:00,hostel_c,127.9386
2026-01-07T21:30:00,hostel_c,124.0540
2026-01-07T21:45:00,hostel_c,117.5999
2026-01-07T22:00:00,hostel_c,116.8163
2026-01-07T22:15:00,hostel_c,105.9088
2026-01-07T22:30:00,hostel_c,108.2101
2026-01-07T22:45:00,hostel_c,110.0828
2026-01-07T23:00:00,hostel_c,103.4015
2026-01-07T23:15:00,hostel_c,106.5597
2026-01-07T23:30:00,hostel_c,95.7430
2026-01-07T23:45:00,hostel_c,90.9111
2026-01-08T00:00:00,hostel_c,87.1728
2026-01-08T00:15:00,hostel_c,77.6399
2026-01-08T00:30:00,hostel_c,77.0984
2026-01-08T00:45:00,hostel_c,74.5195
2026-01-08T01:00:00,hostel_c,63.7419
2026-01-08T01:15:00,hostel_c,55.2385
2026-01-08T01:30:00,hostel_c,46.8349
2026-01-08T01:45:00,hostel_c,34.6211
2026-01-08T02:00:00,hostel_c,24.9560
2026-01-08T02:15:00,hostel_c,25.5474
2026-01-08T02:30:00,hostel_c,26.0693
2026-01-08T02:45:00,hostel_c,24.4799
2026-01-08T03:00:00,hostel_c,25.0655
2026-01-08T03:15:00,hostel_c,25.0419
2026-01-08T03:30:00,hostel_c,23.4711
2026-01-08T03:45:00,hostel_c,21.2671
2026-01-08T04:00:00,hostel_c,21.6794
2026-01-08T04:15:00,hostel_c,23.1800
2026-01-08T04:30:00,hostel_c,23.1350
2026-01-08T04:45:00,hostel_c,23.4761
2026-01-08T05:00:00,hostel_c,23.4010
2026-01-08T05:15:00,hostel_c,24.4657
2026-01-08T05:30:00,hostel_c,35.9283
2026-01-08T05:45:00,hostel_c,46.4716
2026-01-08T06:00:00,hostel_c,60.1415
2026-01-08T06:15:00,hostel_c,61.8733
2026-01-08T06:30:00,hostel_c,66.6259
2026-01-08T06:45:00,hostel_c,67.6596
2026-01-08T07:00:00,hostel_c,64.2354
2026-01-08T07:15:00,hostel_c,71.1793
2026-01-08T07:30:00,hostel_c,72.6714
2026-01-08T07:45:00,hostel_c,69.4107
2026-01-08T08:00:00,hostel_c,74.4362
2026-01-08T08:15:00,hostel_c,90.9938
2026-01-08T08:30:00,hostel_c,89.4444
2026-01-08T08:45:00,hostel_c,70.3247
2026-01-08T09:00:00,hostel_c,58.8620
2026-01-08T09:15:00,hostel_c,52.2458
2026-01-08T09:30:00,hostel_c,44.1864
2026-01-08T09:45:00,hostel_c,43.6585
2026-01-08T10:00:00,hostel_c,44.3952
2026-01-08T10:15:00,hostel_c,43.4747
2026-01-08T10:30:00,hostel_c,42.4157
2026-01-08T10:45:00,hostel_c,45.9455
2026-01-08T11:00:00,hostel_c,40.6912
2026-01-08T11:15:00,hostel_c,42.5532
2026-01-08T11:30:00,hostel_c,39.0977
2026-01-08T11:45:00,hostel_c,37.0377
2026-01-08T12:00:00,hostel_c,39.6746
2026-01-08T12:15:00,hostel_c,41.0373
2026-01-08T12:30:00,hostel_c,43.6714
2026-01-08T12:45:00,hostel_c,43.8111
2026-01-08T13:00:00,hostel_c,39.6319
2026-01-08T13:15:00,hostel_c,38.8341
2026-01-08T13:30:00,hostel_c,37.2745
2026-01-08T13:45:00,hostel_c,55.9836
2026-01-08T14:00:00,hostel_c,58.2837
2026-01-08T14:15:00,hostel_c,38.9297
2026-01-08T14:30:00,hostel_c,37.1149
2026-01-08T14:45:00,hostel_c,38.7270
2026-01-08T15:00:00,hostel_c,35.4899
2026-01-08T15:15:00,hostel_c,39.9319
2026-01-08T15:30:00,hostel_c,39.7453
2026-01-08T15:45:00,hostel_c,40.2779
2026-01-08T16:00:00,hostel_c,43.1612
2026-01-08T16:15:00,hostel_c,57.2281
2026-01-08T16:30:00,hostel_c,61.7376
2026-01-08T16:45:00,hostel_c,63.3709
2026-01-08T17:00:00,hostel_c,63.9448
2026-01-08T17:15:00,hostel_c,63.2226
2026-01-08T17:30:00,hostel_c,64.5894
2026-01-08T17:45:00,hostel_c,67.4468
2026-01-08T18:00:00,hostel_c,71.8546
2026-01-08T18:15:00,hostel_c,72.1337
2026-01-08T18:30:00,hostel_c,82.2534
2026-01-08T18:45:00,hostel_c,94.7355
2026-01-08T19:00:00,hostel_c,104.8161
2026-01-08T19:15:00,hostel_c,117.7431
2026-01-08T19:30:00,hostel_c,124.3678
2026-01-08T19:45:00,hostel_c,111.3678
2026-01-08T20:00:00,hostel_c,116.6887
2026-01-08T20:15:00,hostel_c,114.8634
2026-01-08T20:30:00,hostel_c,103.5695
2026-01-08T20:45:00,hostel_c,100.3833
2026-01-08T21:00:00,hostel_c,121.2077
2026-01-08T21:15:00,hostel_c,138.1051
2026-01-08T21:30:00,hostel_c,123.6021
2026-01-08T21:45:00,hostel_c,111.8572
2026-01-08T22:00:00,hostel_c,105.3733
2026-01-08T22:15:00,hostel_c,107.4262
2026-01-08T22:30:00,hostel_c,107.2126
2026-01-08T22:45:00,hostel_c,99.9843
2026-01-08T23:00:00,hostel_c,105.0888
2026-01-08T23:15:00,hostel_c,96.2617
2026-01-08T23:30:00,hostel_c,89.3724
2026-01-08T23:45:00,hostel_c,82.7976
2026-01-09T00:00:00,hostel_c,84.3049
2026-01-09T00:15:00,hostel_c,73.6471
2026-01-09T00:30:00,hostel_c,62.1414
2026-01-09T00:45:00,hostel_c,65.2763
2026-01-09T01:00:00,hostel_c,53.6377
2026-01-09T01:15:00,hostel_c,47.3197
2026-01-09T01:30:00,hostel_c,44.6174
2026-01-09T01:45:00,hostel_c,37.0558
2026-01-09T02:00:00,hostel_c,27.3238
2026-01-09T02:15:00,hostel_c,27.2391
2026-01-09T02:30:00,hostel_c,26.1696
2026-01-09T02:45:00,hostel_c,27.8853
2026-01-09T03:00:00,hostel_c,26.2511
2026-01-09T03:15:00,hostel_c,26.4200
2026-01-09T03:30:00,hostel_c,25.6794
2026-01-09T03:45:00,hostel_c,23.5870
2026-01-09T04:00:00,hostel_c,25.6063
2026-01-09T04:15:00,hostel_c,27.8024
2026-01-09T04:30:00,hostel_c,23.9934
2026-01-09T04:45:00,hostel_c,22.8991
2026-01-09T05:00:00,hostel_c,22.2377
2026-01-09T05:15:00,hostel_c,22.8997
2026-01-09T05:30:00,hostel_c,34.8287
2026-01-09T05:45:00,hostel_c,45.2911
2026-01-09T06:00:00,hostel_c,53.9315
2026-01-09T06:15:00,hostel_c,60.9344
2026-01-09T06:30:00,hostel_c,75.5482
2026-01-09T06:45:00,hostel_c,76.6879
2026-01-09T07:00:00,hostel_c,78.2815
2026-01-09T07:15:00,hostel_c,66.2177
2026-01-09T07:30:00,hostel_c,70.4973
2026-01-09T07:45:00,hostel_c,65.9285
2026-01-09T08:00:00,hostel_c,66.7108
2026-01-09T08:15:00,hostel_c,63.9875
2026-01-09T08:30:00,hostel_c,65.4533
2026-01-09T08:45:00,hostel_c,64.2749
2026-01-09T09:00:00,hostel_c,51.3600
2026-01-09T09:15:00,hostel_c,43.3463
2026-01-09T09:30:00,hostel_c,40.5860
2026-01-09T09:45:00,hostel_c,43.7563
2026-01-09T10:00:00,hostel_c,45.7709
2026-01-09T10:15:00,hostel_c,43.4284
2026-01-09T10:30:00,hostel_c,41.9618
2026-01-09T10:45:00,hostel_c,48.1386
2026-01-09T11:00:00,hostel_c,62.6392
2026-01-09T11:15:00,hostel_c,61.8719
2026-01-09T11:30:00,hostel_c,43.4986
2026-01-09T11:45:00,hostel_c,41.2568
2026-01-09T12:00:00,hostel_c,43.4656
2026-01-09T12:15:00,hostel_c,41.0671
2026-01-09T12:30:00,hostel_c,44.5202
2026-01-09T12:45:00,hostel_c,45.7839
2026-01-09T13:00:00,hostel_c,44.8205
2026-01-09T13:15:00,hostel_c,44.0686
2026-01-09T13:30:00,hostel_c,35.9495
2026-01-09T13:45:00,hostel_c,36.8760
2026-01-09T14:00:00,hostel_c,36.2247
2026-01-09T14:15:00,hostel_c,38.6697
2026-01-09T14:30:00,hostel_c,43.5949
2026-01-09T14:45:00,hostel_c,44.3350
2026-01-09T15:00:00,hostel_c,38.8740
2026-01-09T15:15:00,hostel_c,40.7859
2026-01-09T15:30:00,hostel_c,42.9312
2026-01-09T15:45:00,hostel_c,43.9548
2026-01-09T16:00:00,hostel_c,49.1042
2026-01-09T16:15:00,hostel_c,59.9302
2026-01-09T16:30:00,hostel_c,66.0520
2026-01-09T16:45:00,hostel_c,71.3209
2026-01-09T17:00:00,hostel_c,74.1413
2026-01-09T17:15:00,hostel_c,82.0565
2026-01-09T17:30:00,hostel_c,78.3997
2026-01-09T17:45:00,hostel_c,79.1648
2026-01-09T18:00:00,hostel_c,75.0483
2026-01-09T18:15:00,hostel_c,75.9116
2026-01-09T18:30:00,hostel_c,87.9762
2026-01-09T18:45:00,hostel_c,100.4545
2026-01-09T19:00:00,hostel_c,111.7065
2026-01-09T19:15:00,hostel_c,115.1519
2026-01-09T19:30:00,hostel_c,137.5356
2026-01-09T19:45:00,hostel_c,132.5142
2026-01-09T20:00:00,hostel_c,132.0602
2026-01-09T20:15:00,hostel_c,138.7510
2026-01-09T20:30:00,hostel_c,138.9816
2026-01-09T20:45:00,hostel_c,129.8875
2026-01-09T21:00:00,hostel_c,134.5290
2026-01-09T21:15:00,hostel_c,133.8613
2026-01-09T21:30:00,hostel_c,127.4461
2026-01-09T21:45:00,hostel_c,121.7430
2026-01-09T22:00:00,hostel_c,120.0617
2026-01-09T22:15:00,hostel_c,116.0956
2026-01-09T22:30:00,hostel_c,101.1212
2026-01-09T22:45:00,hostel_c,100.9894
2026-01-09T23:00:00,hostel_c,99.6676
2026-01-09T23:15:00,hostel_c,99.7108
2026-01-09T23:30:00,hostel_c,88.6155
2026-01-09T23:45:00,hostel_c,79.7587
2026-01-10T00:00:00,hostel_c,84.3151
2026-01-10T00:15:00,hostel_c,88.6012
2026-01-10T00:30:00,hostel_c,84.8826
2026-01-10T00:45:00,hostel_c,87.2428
2026-01-10T01:00:00,hostel_c,88.6342
2026-01-10T01:15:00,hostel_c,87.4278
2026-01-10T01:30:00,hostel_c,75.9708
2026-01-10T01:45:00,hostel_c,65.5614
2026-01-10T02:00:00,hostel_c,52.8140
2026-01-10T02:15:00,hostel_c,37.3907
2026-01-10T02:30:00,hostel_c,25.5965
2026-01-10T02:45:00,hostel_c,26.4355
2026-01-10T03:00:00,hostel_c,25.4655
2026-01-10T03:15:00,hostel_c,25.4205
2026-01-10T03:30:00,hostel_c,25.5354
2026-01-10T03:45:00,hostel_c,26.7838
2026-01-10T04:00:00,hostel_c,27.4694
2026-01-10T04:15:00,hostel_c,23.9017
2026-01-10T04:30:00,hostel_c,25.2611
2026-01-10T04:45:00,hostel_c,25.9318
2026-01-10T05:00:00,hostel_c,25.1521
2026-01-10T05:15:00,hostel_c,24.8497
2026-01-10T05:30:00,hostel_c,26.3483
2026-01-10T05:45:00,hostel_c,26.7311
2026-01-10T06:00:00,hostel_c,25.9276
2026-01-10T06:15:00,hostel_c,28.0247
2026-01-10T06:30:00,hostel_c,26.9631
2026-01-10T06:45:00,hostel_c,26.5467
2026-01-10T07:00:00,hostel_c,35.2590
2026-01-10T07:15:00,hostel_c,44.5086
2026-01-10T07:30:00,hostel_c,49.0502
2026-01-10T07:45:00,hostel_c,62.3083
2026-01-10T08:00:00,hostel_c,86.3692
2026-01-10T08:15:00,hostel_c,82.1080
2026-01-10T08:30:00,hostel_c,65.3650
2026-01-10T08:45:00,hostel_c,66.7855
2026-01-10T09:00:00,hostel_c,72.9306
2026-01-10T09:15:00,hostel_c,71.8727
2026-01-10T09:30:00,hostel_c,71.7135
2026-01-10T09:45:00,hostel_c,70.7900
2026-01-10T10:00:00,hostel_c,72.5649
2026-01-10T10:15:00,hostel_c,74.6286
2026-01-10T10:30:00,hostel_c,76.6341
2026-01-10T10:45:00,hostel_c,73.9910
2026-01-10T11:00:00,hostel_c,76.2130
2026-01-10T11:15:00,hostel_c,70.0634
2026-01-10T11:30:00,hostel_c,70.1488
2026-01-10T11:45:00,hostel_c,78.1708
2026-01-10T12:00:00,hostel_c,75.5688
2026-01-10T12:15:00,hostel_c,73.8221
2026-01-10T12:30:00,hostel_c,73.9692
2026-01-10T12:45:00,hostel_c,72.6217
2026-01-10T13:00:00,hostel_c,66.0326
2026-01-10T13:15:00,hostel_c,69.1634
2026-01-10T13:30:00,hostel_c,73.7407
2026-01-10T13:45:00,hostel_c,80.5348
2026-01-10T14:00:00,hostel_c,75.3427
2026-01-10T14:15:00,hostel_c,71.4352
2026-01-10T14:30:00,hostel_c,79.9938
2026-01-10T14:45:00,hostel_c,85.6647
2026-01-10T15:00:00,hostel_c,74.7852
2026-01-10T15:15:00,hostel_c,75.7837
2026-01-10T15:30:00,hostel_c,78.8495
2026-01-10T15:45:00,hostel_c,82.8130
2026-01-10T16:00:00,hostel_c,83.4054
2026-01-10T16:15:00,hostel_c,74.7031
2026-01-10T16:30:00,hostel_c,78.8689
2026-01-10T16:45:00,hostel_c,72.4386
2026-01-10T17:00:00,hostel_c,65.8520
2026-01-10T17:15:00,hostel_c,70.4302
2026-01-10T17:30:00,hostel_c,73.7581
2026-01-10T17:45:00,hostel_c,84.1039
2026-01-10T18:00:00,hostel_c,94.3871
2026-01-10T18:15:00,hostel_c,109.4023
2026-01-10T18:30:00,hostel_c,118.8572
2026-01-10T18:45:00,hostel_c,108.6913
2026-01-10T19:00:00,hostel_c,110.3431
2026-01-10T19:15:00,hostel_c,106.0474
2026-01-10T19:30:00,hostel_c,109.1335
2026-01-10T19:45:00,hostel_c,99.8863
2026-01-10T20:00:00,hostel_c,99.6291
2026-01-10T20:15:00,hostel_c,104.8357
2026-01-10T20:30:00,hostel_c,106.2370
2026-01-10T20:45:00,hostel_c,117.2485
2026-01-10T21:00:00,hostel_c,117.6735
2026-01-10T21:15:00,hostel_c,125.2579
2026-01-10T21:30:00,hostel_c,124.8104
2026-01-10T21:45:00,hostel_c,117.1545
2026-01-10T22:00:00,hostel_c,114.7014
2026-01-10T22:15:00,hostel_c,114.5492
2026-01-10T22:30:00,hostel_c,119.6264
2026-01-10T22:45:00,hostel_c,117.0813
2026-01-10T23:00:00,hostel_c,115.4594
2026-01-10T23:15:00,hostel_c,105.3680
2026-01-10T23:30:00,hostel_c,104.5107
2026-01-10T23:45:00,hostel_c,93.4008
2026-01-11T00:00:00,hostel_c,87.1028
2026-01-11T00:15:00,hostel_c,88.8810
2026-01-11T00:30:00,hostel_c,92.7975
2026-01-11T00:45:00,hostel_c,78.8057
2026-01-11T01:00:00,hostel_c,77.0814
2026-01-11T01:15:00,hostel_c,70.1725
2026-01-11T01:30:00,hostel_c,65.3723
2026-01-11T01:45:00,hostel_c,62.1028
2026-01-11T02:00:00,hostel_c,49.3705
2026-01-11T02:15:00,hostel_c,37.8651
2026-01-11T02:30:00,hostel_c,25.4318
2026-01-11T02:45:00,hostel_c,24.1701
2026-01-11T03:00:00,hostel_c,25.4647
2026-01-11T03:15:00,hostel_c,25.2133
2026-01-11T03:30:00,hostel_c,25.2852
2026-01-11T03:45:00,hostel_c,26.0546
2026-01-11T04:00:00,hostel_c,26.3558
2026-01-11T04:15:00,hostel_c,26.5089
2026-01-11T04:30:00,hostel_c,27.4771
2026-01-11T04:45:00,hostel_c,25.1708
2026-01-11T05:00:00,hostel_c,23.7705
2026-01-11T05:15:00,hostel_c,21.8412
2026-01-11T05:30:00,hostel_c,26.5279
2026-01-11T05:45:00,hostel_c,25.7845
2026-01-11T06:00:00,hostel_c,25.6898
2026-01-11T06:15:00,hostel_c,23.3613
2026-01-11T06:30:00,hostel_c,23.8855
2026-01-11T06:45:00,hostel_c,25.3710
2026-01-11T07:00:00,hostel_c,34.3365
2026-01-11T07:15:00,hostel_c,42.4480
2026-01-11T07:30:00,hostel_c,50.0558
2026-01-11T07:45:00,hostel_c,53.9987
2026-01-11T08:00:00,hostel_c,63.7172
2026-01-11T08:15:00,hostel_c,64.5664
2026-01-11T08:30:00,hostel_c,67.4566
2026-01-11T08:45:00,hostel_c,66.9707
2026-01-11T09:00:00,hostel_c,62.3920
2026-01-11T09:15:00,hostel_c,72.7797
2026-01-11T09:30:00,hostel_c,70.5694
2026-01-11T09:45:00,hostel_c,75.9720
2026-01-11T10:00:00,hostel_c,70.3435
2026-01-11T10:15:00,hostel_c,73.6430
2026-01-11T10:30:00,hostel_c,74.9139
2026-01-11T10:45:00,hostel_c,79.0284
2026-01-11T11:00:00,hostel_c,82.1095
2026-01-11T11:15:00,hostel_c,74.6455
2026-01-11T11:30:00,hostel_c,73.1464
2026-01-11T11:45:00,hostel_c,69.8775
2026-01-11T12:00:00,hostel_c,65.5543
2026-01-11T12:15:00,hostel_c,86.7344
2026-01-11T12:30:00,hostel_c,90.1862
2026-01-11T12:45:00,hostel_c,69.5086
2026-01-11T13:00:00,hostel_c,73.2034
2026-01-11T13:15:00,hostel_c,66.3692
2026-01-11T13:30:00,hostel_c,69.2395
2026-01-11T13:45:00,hostel_c,79.5662
2026-01-11T14:00:00,hostel_c,78.1078
2026-01-11T14:15:00,hostel_c,81.8840
2026-01-11T14:30:00,hostel_c,78.0425
2026-01-11T14:45:00,hostel_c,80.7181
2026-01-11T15:00:00,hostel_c,77.2449
2026-01-11T15:15:00,hostel_c,72.2303
2026-01-11T15:30:00,hostel_c,69.6727
2026-01-11T15:45:00,hostel_c,77.7706
2026-01-11T16:00:00,hostel_c,74.6467
2026-01-11T16:15:00,hostel_c,77.1039
2026-01-11T16:30:00,hostel_c,72.1702
2026-01-11T16:45:00,hostel_c,77.5514
2026-01-11T17:00:00,hostel_c,71.1655
2026-01-11T17:15:00,hostel_c,69.8216
2026-01-11T17:30:00,hostel_c,75.8111
2026-01-11T17:45:00,hostel_c,95.0702
2026-01-11T18:00:00,hostel_c,99.3690
2026-01-11T18:15:00,hostel_c,114.3683
2026-01-11T18:30:00,hostel_c,116.3742
2026-01-11T18:45:00,hostel_c,107.1846
2026-01-11T19:00:00,hostel_c,110.6226
2026-01-11T19:15:00,hostel_c,108.2551
2026-01-11T19:30:00,hostel_c,124.5600
2026-01-11T19:45:00,hostel_c,115.5783
2026-01-11T20:00:00,hostel_c,115.3824
2026-01-11T20:15:00,hostel_c,124.5683
2026-01-11T20:30:00,hostel_c,121.5851
2026-01-11T20:45:00,hostel_c,113.2435
2026-01-11T21:00:00,hostel_c,106.8252
2026-01-11T21:15:00,hostel_c,104.7881
2026-01-11T21:30:00,hostel_c,99.4921
2026-01-11T21:45:00,hostel_c,98.9776
2026-01-11T22:00:00,hostel_c,106.7186
2026-01-11T22:15:00,hostel_c,112.8494
2026-01-11T22:30:00,hostel_c,98.3062
2026-01-11T22:45:00,hostel_c,102.3246
2026-01-11T23:00:00,hostel_c,111.7201
2026-01-11T23:15:00,hostel_c,105.7462
2026-01-11T23:30:00,hostel_c,102.4424
2026-01-11T23:45:00,hostel_c,84.0750
2026-01-05T00:00:00,eng_lab,53.0308
2026-01-05T00:15:00,eng_lab,51.4954
2026-01-05T00:30:00,eng_lab,49.0211
2026-01-05T00:45:00,eng_lab,50.6954
2026-01-05T01:00:00,eng_lab,48.6520
2026-01-05T01:15:00,eng_lab,49.3362
2026-01-05T01:30:00,eng_lab,50.6120
2026-01-05T01:45:00,eng_lab,51.2051
2026-01-05T02:00:00,eng_lab,48.7600
2026-01-05T02:15:00,eng_lab,47.4471
2026-01-05T02:30:00,eng_lab,46.5632
2026-01-05T02:45:00,eng_lab,47.4422
2026-01-05T03:00:00,eng_lab,47.6644
2026-01-05T03:15:00,eng_lab,47.3700
2026-01-05T03:30:00,eng_lab,47.5931
2026-01-05T03:45:00,eng_lab,46.6211
2026-01-05T04:00:00,eng_lab,46.7196
2026-01-05T04:15:00,eng_lab,48.3016
2026-01-05T04:30:00,eng_lab,46.7315
2026-01-05T04:45:00,eng_lab,48.8895
2026-01-05T05:00:00,eng_lab,46.9318
2026-01-05T05:15:00,eng_lab,47.9276
2026-01-05T05:30:00,eng_lab,47.4813
2026-01-05T05:45:00,eng_lab,46.6510
2026-01-05T06:00:00,eng_lab,47.0872
2026-01-05T06:15:00,eng_lab,47.4222
2026-01-05T06:30:00,eng_lab,46.1085
2026-01-05T06:45:00,eng_lab,47.7510
2026-01-05T07:00:00,eng_lab,46.7229
2026-01-05T07:15:00,eng_lab,45.8021
2026-01-05T07:30:00,eng_lab,47.2513
2026-01-05T07:45:00,eng_lab,48.3183
2026-01-05T08:00:00,eng_lab,57.4295
2026-01-05T08:15:00,eng_lab,65.0956
2026-01-05T08:30:00,eng_lab,73.4895
2026-01-05T08:45:00,eng_lab,81.9794
2026-01-05T09:00:00,eng_lab,100.3760
2026-01-05T09:15:00,eng_lab,110.4601
2026-01-05T09:30:00,eng_lab,118.4605
2026-01-05T09:45:00,eng_lab,124.5862
2026-01-05T10:00:00,eng_lab,134.5625
2026-01-05T10:15:00,eng_lab,132.8053
2026-01-05T10:30:00,eng_lab,137.3755
2026-01-05T10:45:00,eng_lab,138.7382
2026-01-05T11:00:00,eng_lab,143.4302
2026-01-05T11:15:00,eng_lab,145.4977
2026-01-05T11:30:00,eng_lab,146.8743
2026-01-05T11:45:00,eng_lab,147.0488
2026-01-05T12:00:00,eng_lab,140.7468
2026-01-05T12:15:00,eng_lab,137.4919
2026-01-05T12:30:00,eng_lab,135.2124
2026-01-05T12:45:00,eng_lab,124.8457
2026-01-05T13:00:00,eng_lab,112.8247
2026-01-05T13:15:00,eng_lab,107.4167
2026-01-05T13:30:00,eng_lab,106.4064
2026-01-05T13:45:00,eng_lab,110.6916
2026-01-05T14:00:00,eng_lab,117.8085
2026-01-05T14:15:00,eng_lab,122.2642
2026-01-05T14:30:00,eng_lab,127.9928
2026-01-05T14:45:00,eng_lab,126.2749
2026-01-05T15:00:00,eng_lab,122.5376
2026-01-05T15:15:00,eng_lab,128.7681
2026-01-05T15:30:00,eng_lab,134.3120
2026-01-05T15:45:00,eng_lab,135.4431
2026-01-05T16:00:00,eng_lab,138.0098
2026-01-05T16:15:00,eng_lab,136.2569
2026-01-05T16:30:00,eng_lab,139.5939
2026-01-05T16:45:00,eng_lab,135.9950
2026-01-05T17:00:00,eng_lab,122.0411
2026-01-05T17:15:00,eng_lab,108.4266
2026-01-05T17:30:00,eng_lab,98.4115
2026-01-05T17:45:00,eng_lab,86.8342
2026-01-05T18:00:00,eng_lab,71.1231
2026-01-05T18:15:00,eng_lab,73.4883
2026-01-05T18:30:00,eng_lab,71.3579
2026-01-05T18:45:00,eng_lab,95.3762
2026-01-05T19:00:00,eng_lab,96.8415
2026-01-05T19:15:00,eng_lab,79.1337
2026-01-05T19:30:00,eng_lab,79.8138
2026-01-05T19:45:00,eng_lab,77.8012
2026-01-05T20:00:00,eng_lab,77.9271
2026-01-05T20:15:00,eng_lab,75.4776
2026-01-05T20:30:00,eng_lab,72.0484
2026-01-05T20:45:00,eng_lab,65.3290
2026-01-05T21:00:00,eng_lab,59.6507
2026-01-05T21:15:00,eng_lab,54.5463
2026-01-05T21:30:00,eng_lab,49.2608
2026-01-05T21:45:00,eng_lab,48.4223
2026-01-05T22:00:00,eng_lab,49.4743
2026-01-05T22:15:00,eng_lab,45.8170
2026-01-05T22:30:00,eng_lab,47.9129
2026-01-05T22:45:00,eng_lab,45.5811
2026-01-05T23:00:00,eng_lab,47.3708
2026-01-05T23:15:00,eng_lab,47.2703
2026-01-05T23:30:00,eng_lab,47.9810
2026-01-05T23:45:00,eng_lab,49.7432
2026-01-06T00:00:00,eng_lab,49.0904
2026-01-06T00:15:00,eng_lab,50.2905
2026-01-06T00:30:00,eng_lab,51.2243
2026-01-06T00:45:00,eng_lab,46.7899
2026-01-06T01:00:00,eng_lab,46.9043
2026-01-06T01:15:00,eng_lab,47.8799
2026-01-06T01:30:00,eng_lab,47.0476
2026-01-06T01:45:00,eng_lab,50.2069
2026-01-06T02:00:00,eng_lab,52.6153
2026-01-06T02:15:00,eng_lab,52.9228
2026-01-06T02:30:00,eng_lab,51.1355
2026-01-06T02:45:00,eng_lab,50.3620
2026-01-06T03:00:00,eng_lab,52.1769
2026-01-06T03:15:00,eng_lab,51.2078
2026-01-06T03:30:00,eng_lab,51.9672
2026-01-06T03:45:00,eng_lab,69.8535
2026-01-06T04:00:00,eng_lab,67.9896
2026-01-06T04:15:00,eng_lab,51.1929
2026-01-06T04:30:00,eng_lab,49.7185
2026-01-06T04:45:00,eng_lab,47.1987
2026-01-06T05:00:00,eng_lab,47.2991
2026-01-06T05:15:00,eng_lab,49.1203
2026-01-06T05:30:00,eng_lab,48.7804
2026-01-06T05:45:00,eng_lab,47.7045
2026-01-06T06:00:00,eng_lab,46.9435
2026-01-06T06:15:00,eng_lab,48.9664
2026-01-06T06:30:00,eng_lab,47.8542
2026-01-06T06:45:00,eng_lab,46.3184
2026-01-06T07:00:00,eng_lab,47.4715
2026-01-06T07:15:00,eng_lab,48.7072
2026-01-06T07:30:00,eng_lab,46.4935
2026-01-06T07:45:00,eng_lab,46.3478
2026-01-06T08:00:00,eng_lab,53.8627
2026-01-06T08:15:00,eng_lab,64.6302
2026-01-06T08:30:00,eng_lab,72.8431
2026-01-06T08:45:00,eng_lab,77.0638
2026-01-06T09:00:00,eng_lab,94.8140
2026-01-06T09:15:00,eng_lab,100.8585
2026-01-06T09:30:00,eng_lab,113.6150
2026-01-06T09:45:00,eng_lab,123.3893
2026-01-06T10:00:00,eng_lab,136.2146
2026-01-06T10:15:00,eng_lab,131.1879
2026-01-06T10:30:00,eng_lab,132.1860
2026-01-06T10:45:00,eng_lab,135.8273
2026-01-06T11:00:00,eng_lab,137.7578
2026-01-06T11:15:00,eng_lab,150.0000
2026-01-06T11:30:00,eng_lab,150.0000
2026-01-06T11:45:00,eng_lab,135.5014
2026-01-06T12:00:00,eng_lab,132.4106
2026-01-06T12:15:00,eng_lab,135.2309
2026-01-06T12:30:00,eng_lab,126.1772
2026-01-06T12:45:00,eng_lab,119.4292
2026-01-06T13:00:00,eng_lab,116.3940
2026-01-06T13:15:00,eng_lab,110.5360
2026-01-06T13:30:00,eng_lab,110.7158
2026-01-06T13:45:00,eng_lab,116.6003
2026-01-06T14:00:00,eng_lab,117.0622
2026-01-06T14:15:00,eng_lab,126.1572
2026-01-06T14:30:00,eng_lab,128.5647
2026-01-06T14:45:00,eng_lab,123.8830
2026-01-06T15:00:00,eng_lab,126.8853
2026-01-06T15:15:00,eng_lab,131.6169
2026-01-06T15:30:00,eng_lab,128.5530
2026-01-06T15:45:00,eng_lab,123.9536
2026-01-06T16:00:00,eng_lab,129.7100
2026-01-06T16:15:00,eng_lab,126.6371
2026-01-06T16:30:00,eng_lab,134.8378
2026-01-06T16:45:00,eng_lab,134.6135
2026-01-06T17:00:00,eng_lab,121.6910
2026-01-06T17:15:00,eng_lab,111.2820
2026-01-06T17:30:00,eng_lab,98.5433
2026-01-06T17:45:00,eng_lab,85.9767
2026-01-06T18:00:00,eng_lab,73.2067
2026-01-06T18:15:00,eng_lab,73.7119
2026-01-06T18:30:00,eng_lab,75.6416
2026-01-06T18:45:00,eng_lab,75.7513
2026-01-06T19:00:00,eng_lab,75.3896
2026-01-06T19:15:00,eng_lab,74.6111
2026-01-06T19:30:00,eng_lab,73.7404
2026-01-06T19:45:00,eng_lab,75.8225
2026-01-06T20:00:00,eng_lab,75.3027
2026-01-06T20:15:00,eng_lab,79.2686
2026-01-06T20:30:00,eng_lab,71.1251
2026-01-06T20:45:00,eng_lab,60.9632
2026-01-06T21:00:00,eng_lab,55.2399
2026-01-06T21:15:00,eng_lab,49.2387
2026-01-06T21:30:00,eng_lab,43.8858
2026-01-06T21:45:00,eng_lab,46.2090
2026-01-06T22:00:00,eng_lab,47.5330
2026-01-06T22:15:00,eng_lab,47.7924
2026-01-06T22:30:00,eng_lab,49.6037
2026-01-06T22:45:00,eng_lab,51.4833
2026-01-06T23:00:00,eng_lab,50.9564
2026-01-06T23:15:00,eng_lab,69.1055
2026-01-06T23:30:00,eng_lab,68.0598
2026-01-06T23:45:00,eng_lab,48.3191
2026-01-07T00:00:00,eng_lab,50.9718
2026-01-07T00:15:00,eng_lab,51.8060
2026-01-07T00:30:00,eng_lab,51.1851
2026-01-07T00:45:00,eng_lab,51.6900
2026-01-07T01:00:00,eng_lab,52.0834
2026-01-07T01:15:00,eng_lab,49.9003
2026-01-07T01:30:00,eng_lab,48.1612
2026-01-07T01:45:00,eng_lab,50.6590
2026-01-07T02:00:00,eng_lab,50.3994
2026-01-07T02:15:00,eng_lab,51.1563
2026-01-07T02:30:00,eng_lab,54.9105
2026-01-07T02:45:00,eng_lab,72.3072
2026-01-07T03:00:00,eng_lab,70.1531
2026-01-07T03:15:00,eng_lab,53.3404
2026-01-07T03:30:00,eng_lab,52.5282
2026-01-07T03:45:00,eng_lab,53.8281
2026-01-07T04:00:00,eng_lab,52.4757
2026-01-07T04:15:00,eng_lab,53.6790
2026-01-07T04:30:00,eng_lab,52.6884
2026-01-07T04:45:00,eng_lab,52.6755
2026-01-07T05:00:00,eng_lab,53.2093
2026-01-07T05:15:00,eng_lab,51.6598
2026-01-07T05:30:00,eng_lab,48.7961
2026-01-07T05:45:00,eng_lab,47.6855
2026-01-07T06:00:00,eng_lab,47.7436
2026-01-07T06:15:00,eng_lab,46.4873
2026-01-07T06:30:00,eng_lab,46.4607
2026-01-07T06:45:00,eng_lab,49.0346
2026-01-07T07:00:00,eng_lab,49.8150
2026-01-07T07:15:00,eng_lab,49.8477
2026-01-07T07:30:00,eng_lab,49.6762
2026-01-07T07:45:00,eng_lab,50.4791
2026-01-07T08:00:00,eng_lab,60.6139
2026-01-07T08:15:00,eng_lab,72.6253
2026-01-07T08:30:00,eng_lab,79.6604
2026-01-07T08:45:00,eng_lab,85.7686
2026-01-07T09:00:00,eng_lab,109.7019
2026-01-07T09:15:00,eng_lab,114.2017
2026-01-07T09:30:00,eng_lab,117.7599
2026-01-07T09:45:00,eng_lab,130.6535
2026-01-07T10:00:00,eng_lab,141.2617
2026-01-07T10:15:00,eng_lab,140.0785
2026-01-07T10:30:00,eng_lab,138.6469
2026-01-07T10:45:00,eng_lab,126.9048
2026-01-07T11:00:00,eng_lab,129.4636
2026-01-07T11:15:00,eng_lab,128.9889
2026-01-07T11:30:00,eng_lab,128.2848
2026-01-07T11:45:00,eng_lab,129.1279
2026-01-07T12:00:00,eng_lab,135.6251
2026-01-07T12:15:00,eng_lab,141.1303
2026-01-07T12:30:00,eng_lab,134.6080
2026-01-07T12:45:00,eng_lab,125.0751
2026-01-07T13:00:00,eng_lab,119.8110
2026-01-07T13:15:00,eng_lab,114.4611
2026-01-07T13:30:00,eng_lab,110.9359
2026-01-07T13:45:00,eng_lab,116.9208
2026-01-07T14:00:00,eng_lab,123.6282
2026-01-07T14:15:00,eng_lab,122.3345
2026-01-07T14:30:00,eng_lab,132.2960
2026-01-07T14:45:00,eng_lab,137.8844
2026-01-07T15:00:00,eng_lab,133.7779
2026-01-07T15:15:00,eng_lab,131.1576
2026-01-07T15:30:00,eng_lab,128.8959
2026-01-07T15:45:00,eng_lab,125.0715
2026-01-07T16:00:00,eng_lab,125.1482
2026-01-07T16:15:00,eng_lab,124.4930
2026-01-07T16:30:00,eng_lab,127.9271
2026-01-07T16:45:00,eng_lab,130.4116
2026-01-07T17:00:00,eng_lab,117.7849
2026-01-07T17:15:00,eng_lab,108.4304
2026-01-07T17:30:00,eng_lab,101.2804
2026-01-07T17:45:00,eng_lab,88.2694
2026-01-07T18:00:00,eng_lab,75.5521
2026-01-07T18:15:00,eng_lab,75.3292
2026-01-07T18:30:00,eng_lab,71.5583
2026-01-07T18:45:00,eng_lab,73.8681
2026-01-07T19:00:00,eng_lab,74.2874
2026-01-07T19:15:00,eng_lab,75.6042
2026-01-07T19:30:00,eng_lab,73.9616
2026-01-07T19:45:00,eng_lab,68.0428
2026-01-07T20:00:00,eng_lab,75.6526
2026-01-07T20:15:00,eng_lab,72.9000
2026-01-07T20:30:00,eng_lab,69.4362
2026-01-07T20:45:00,eng_lab,64.7937
2026-01-07T21:00:00,eng_lab,58.3114
2026-01-07T21:15:00,eng_lab,56.7202
2026-01-07T21:30:00,eng_lab,49.7822
2026-01-07T21:45:00,eng_lab,47.5998
2026-01-07T22:00:00,eng_lab,47.2804
2026-01-07T22:15:00,eng_lab,47.0574
2026-01-07T22:30:00,eng_lab,48.9555
2026-01-07T22:45:00,eng_lab,49.4484
2026-01-07T23:00:00,eng_lab,48.4344
2026-01-07T23:15:00,eng_lab,45.1644
2026-01-07T23:30:00,eng_lab,43.6548
2026-01-07T23:45:00,eng_lab,43.9090
2026-01-08T00:00:00,eng_lab,46.8745
2026-01-08T00:15:00,eng_lab,44.0079
2026-01-08T00:30:00,eng_lab,45.9632
2026-01-08T00:45:00,eng_lab,48.7784
2026-01-08T01:00:00,eng_lab,49.1695
2026-01-08T01:15:00,eng_lab,47.7351
2026-01-08T01:30:00,eng_lab,49.7596
2026-01-08T01:45:00,eng_lab,49.6273
2026-01-08T02:00:00,eng_lab,48.7386
2026-01-08T02:15:00,eng_lab,48.9388
2026-01-08T02:30:00,eng_lab,50.6623
2026-01-08T02:45:00,eng_lab,51.5703
2026-01-08T03:00:00,eng_lab,49.2435
2026-01-08T03:15:00,eng_lab,48.3598
2026-01-08T03:30:00,eng_lab,47.7987
2026-01-08T03:45:00,eng_lab,46.2197
2026-01-08T04:00:00,eng_lab,42.9807
2026-01-08T04:15:00,eng_lab,46.0244
2026-01-08T04:30:00,eng_lab,47.1333
2026-01-08T04:45:00,eng_lab,46.6502
2026-01-08T05:00:00,eng_lab,49.3677
2026-01-08T05:15:00,eng_lab,51.0104
2026-01-08T05:30:00,eng_lab,50.1845
2026-01-08T05:45:00,eng_lab,49.1164
2026-01-08T06:00:00,eng_lab,50.8375
2026-01-08T06:15:00,eng_lab,51.6510
2026-01-08T06:30:00,eng_lab,51.5519
2026-01-08T06:45:00,eng_lab,52.4840
2026-01-08T07:00:00,eng_lab,54.8805
2026-01-08T07:15:00,eng_lab,49.9132
2026-01-08T07:30:00,eng_lab,49.0938
2026-01-08T07:45:00,eng_lab,51.7989
2026-01-08T08:00:00,eng_lab,57.1499
2026-01-08T08:15:00,eng_lab,64.1223
2026-01-08T08:30:00,eng_lab,74.1109
2026-01-08T08:45:00,eng_lab,78.7934
2026-01-08T09:00:00,eng_lab,97.5352
2026-01-08T09:15:00,eng_lab,107.5215
2026-01-08T09:30:00,eng_lab,118.0023
2026-01-08T09:45:00,eng_lab,129.6130
2026-01-08T10:00:00,eng_lab,138.7870
2026-01-08T10:15:00,eng_lab,136.9945
2026-01-08T10:30:00,eng_lab,136.4715
2026-01-08T10:45:00,eng_lab,134.2405
2026-01-08T11:00:00,eng_lab,132.2193
2026-01-08T11:15:00,eng_lab,134.2859
2026-01-08T11:30:00,eng_lab,131.7292
2026-01-08T11:45:00,eng_lab,136.6188
2026-01-08T12:00:00,eng_lab,140.9830
2026-01-08T12:15:00,eng_lab,141.2871
2026-01-08T12:30:00,eng_lab,132.9527
2026-01-08T12:45:00,eng_lab,127.4557
2026-01-08T13:00:00,eng_lab,119.6836
2026-01-08T13:15:00,eng_lab,105.5033
2026-01-08T13:30:00,eng_lab,104.3220
2026-01-08T13:45:00,eng_lab,113.4888
2026-01-08T14:00:00,eng_lab,115.1975
2026-01-08T14:15:00,eng_lab,124.6627
2026-01-08T14:30:00,eng_lab,127.2273
2026-01-08T14:45:00,eng_lab,130.9363
2026-01-08T15:00:00,eng_lab,150.0000
2026-01-08T15:15:00,eng_lab,150.0000
2026-01-08T15:30:00,eng_lab,137.9899
2026-01-08T15:45:00,eng_lab,138.4014
2026-01-08T16:00:00,eng_lab,141.0191
2026-01-08T16:15:00,eng_lab,137.3982
2026-01-08T16:30:00,eng_lab,133.4449
2026-01-08T16:45:00,eng_lab,130.0786
2026-01-08T17:00:00,eng_lab,117.2567
2026-01-08T17:15:00,eng_lab,112.5801
2026-01-08T17:30:00,eng_lab,105.2500
2026-01-08T17:45:00,eng_lab,95.3589
2026-01-08T18:00:00,eng_lab,80.8901
2026-01-08T18:15:00,eng_lab,80.9685
2026-01-08T18:30:00,eng_lab,76.3738
2026-01-08T18:45:00,eng_lab,76.0636
2026-01-08T19:00:00,eng_lab,75.0861
2026-01-08T19:15:00,eng_lab,74.3248
2026-01-08T19:30:00,eng_lab,74.7695
2026-01-08T19:45:00,eng_lab,75.7161
2026-01-08T20:00:00,eng_lab,76.5301
2026-01-08T20:15:00,eng_lab,76.5634
2026-01-08T20:30:00,eng_lab,73.1068
2026-01-08T20:45:00,eng_lab,69.2012
2026-01-08T21:00:00,eng_lab,63.7631
2026-01-08T21:15:00,eng_lab,57.0715
2026-01-08T21:30:00,eng_lab,49.2950
2026-01-08T21:45:00,eng_lab,48.8252
2026-01-08T22:00:00,eng_lab,48.3651
2026-01-08T22:15:00,eng_lab,49.1495
2026-01-08T22:30:00,eng_lab,48.6268
2026-01-08T22:45:00,eng_lab,67.2433
2026-01-08T23:00:00,eng_lab,66.0063
2026-01-08T23:15:00,eng_lab,50.1620
2026-01-08T23:30:00,eng_lab,78.1193
2026-01-08T23:45:00,eng_lab,77.7923
2026-01-09T00:00:00,eng_lab,49.1708
2026-01-09T00:15:00,eng_lab,47.0468
2026-01-09T00:30:00,eng_lab,48.8583
2026-01-09T00:45:00,eng_lab,49.9575
2026-01-09T01:00:00,eng_lab,48.9933
2026-01-09T01:15:00,eng_lab,50.0769
2026-01-09T01:30:00,eng_lab,49.0868
2026-01-09T01:45:00,eng_lab,52.1958
2026-01-09T02:00:00,eng_lab,50.5476
2026-01-09T02:15:00,eng_lab,50.8141
2026-01-09T02:30:00,eng_lab,51.6868
2026-01-09T02:45:00,eng_lab,48.3028
2026-01-09T03:00:00,eng_lab,73.3793
2026-01-09T03:15:00,eng_lab,76.7700
2026-01-09T03:30:00,eng_lab,50.8585
2026-01-09T03:45:00,eng_lab,49.3123
2026-01-09T04:00:00,eng_lab,48.8486
2026-01-09T04:15:00,eng_lab,49.8740
2026-01-09T04:30:00,eng_lab,48.2205
2026-01-09T04:45:00,eng_lab,48.3173
2026-01-09T05:00:00,eng_lab,46.0959
2026-01-09T05:15:00,eng_lab,47.5409
2026-01-09T05:30:00,eng_lab,48.9589
2026-01-09T05:45:00,eng_lab,46.7437
2026-01-09T06:00:00,eng_lab,46.6828
2026-01-09T06:15:00,eng_lab,48.5390
2026-01-09T06:30:00,eng_lab,47.0036
2026-01-09T06:45:00,eng_lab,47.8554
2026-01-09T07:00:00,eng_lab,48.5693
2026-01-09T07:15:00,eng_lab,47.9662
2026-01-09T07:30:00,eng_lab,49.9745
2026-01-09T07:45:00,eng_lab,51.0681
2026-01-09T08:00:00,eng_lab,59.6860
2026-01-09T08:15:00,eng_lab,71.0218
2026-01-09T08:30:00,eng_lab,77.4578
2026-01-09T08:45:00,eng_lab,89.2365
2026-01-09T09:00:00,eng_lab,107.9511
2026-01-09T09:15:00,eng_lab,114.5076
2026-01-09T09:30:00,eng_lab,124.0870
2026-01-09T09:45:00,eng_lab,136.2249
2026-01-09T10:00:00,eng_lab,144.0399
2026-01-09T10:15:00,eng_lab,143.4755
2026-01-09T10:30:00,eng_lab,140.2285
2026-01-09T10:45:00,eng_lab,138.4250
2026-01-09T11:00:00,eng_lab,140.4107
2026-01-09T11:15:00,eng_lab,130.9714
2026-01-09T11:30:00,eng_lab,135.8352
2026-01-09T11:45:00,eng_lab,137.1662
2026-01-09T12:00:00,eng_lab,138.6641
2026-01-09T12:15:00,eng_lab,135.7656
2026-01-09T12:30:00,eng_lab,130.2364
2026-01-09T12:45:00,eng_lab,128.3723
2026-01-09T13:00:00,eng_lab,122.9626
2026-01-09T13:15:00,eng_lab,118.0010
2026-01-09T13:30:00,eng_lab,142.1221
2026-01-09T13:45:00,eng_lab,147.1210
2026-01-09T14:00:00,eng_lab,126.0064
2026-01-09T14:15:00,eng_lab,123.0539
2026-01-09T14:30:00,eng_lab,127.6115
2026-01-09T14:45:00,eng_lab,131.1164
2026-01-09T15:00:00,eng_lab,144.8437
2026-01-09T15:15:00,eng_lab,140.7123
2026-01-09T15:30:00,eng_lab,132.9763
2026-01-09T15:45:00,eng_lab,129.3145
2026-01-09T16:00:00,eng_lab,136.3405
2026-01-09T16:15:00,eng_lab,133.4930
2026-01-09T16:30:00,eng_lab,132.4634
2026-01-09T16:45:00,eng_lab,126.6572
2026-01-09T17:00:00,eng_lab,124.4866
2026-01-09T17:15:00,eng_lab,112.6007
2026-01-09T17:30:00,eng_lab,102.1379
2026-01-09T17:45:00,eng_lab,90.5026
2026-01-09T18:00:00,eng_lab,78.2445
2026-01-09T18:15:00,eng_lab,78.1988
2026-01-09T18:30:00,eng_lab,75.0058
2026-01-09T18:45:00,eng_lab,80.3450
2026-01-09T19:00:00,eng_lab,79.9569
2026-01-09T19:15:00,eng_lab,98.9612
2026-01-09T19:30:00,eng_lab,98.7910
2026-01-09T19:45:00,eng_lab,83.5482
2026-01-09T20:00:00,eng_lab,79.7526
2026-01-09T20:15:00,eng_lab,77.7549
2026-01-09T20:30:00,eng_lab,72.8565
2026-01-09T20:45:00,eng_lab,67.4419
2026-01-09T21:00:00,eng_lab,60.8115
2026-01-09T21:15:00,eng_lab,52.8813
2026-01-09T21:30:00,eng_lab,46.6928
2026-01-09T21:45:00,eng_lab,49.4898
2026-01-09T22:00:00,eng_lab,48.6691
2026-01-09T22:15:00,eng_lab,50.2457
2026-01-09T22:30:00,eng_lab,49.7100
2026-01-09T22:45:00,eng_lab,49.6676
2026-01-09T23:00:00,eng_lab,49.1689
2026-01-09T23:15:00,eng_lab,49.4944
2026-01-09T23:30:00,eng_lab,47.8002
2026-01-09T23:45:00,eng_lab,46.5422
2026-01-10T00:00:00,eng_lab,44.6210
2026-01-10T00:15:00,eng_lab,46.6137
2026-01-10T00:30:00,eng_lab,45.9086
2026-01-10T00:45:00,eng_lab,47.1000
2026-01-10T01:00:00,eng_lab,48.0538
2026-01-10T01:15:00,eng_lab,50.7208
2026-01-10T01:30:00,eng_lab,51.3305
2026-01-10T01:45:00,eng_lab,48.6758
2026-01-10T02:00:00,eng_lab,48.6061
2026-01-10T02:15:00,eng_lab,49.7353
2026-01-10T02:30:00,eng_lab,49.7512
2026-01-10T02:45:00,eng_lab,50.0254
2026-01-10T03:00:00,eng_lab,49.7002
2026-01-10T03:15:00,eng_lab,47.3020
2026-01-10T03:30:00,eng_lab,48.2533
2026-01-10T03:45:00,eng_lab,47.9924
2026-01-10T04:00:00,eng_lab,46.7822
2026-01-10T04:15:00,eng_lab,49.0904
2026-01-10T04:30:00,eng_lab,48.2097
2026-01-10T04:45:00,eng_lab,46.8352
2026-01-10T05:00:00,eng_lab,46.5818
2026-01-10T05:15:00,eng_lab,44.4938
2026-01-10T05:30:00,eng_lab,45.0652
2026-01-10T05:45:00,eng_lab,45.5554
2026-01-10T06:00:00,eng_lab,46.5840
2026-01-10T06:15:00,eng_lab,45.5767
2026-01-10T06:30:00,eng_lab,49.1805
2026-01-10T06:45:00,eng_lab,47.1114
2026-01-10T07:00:00,eng_lab,45.1244
2026-01-10T07:15:00,eng_lab,46.8140
2026-01-10T07:30:00,eng_lab,47.7710
2026-01-10T07:45:00,eng_lab,46.6290
2026-01-10T08:00:00,eng_lab,47.9149
2026-01-10T08:15:00,eng_lab,51.3227
2026-01-10T08:30:00,eng_lab,52.9576
2026-01-10T08:45:00,eng_lab,57.5907
2026-01-10T09:00:00,eng_lab,64.7685
2026-01-10T09:15:00,eng_lab,65.6462
2026-01-10T09:30:00,eng_lab,68.6638
2026-01-10T09:45:00,eng_lab,71.3727
2026-01-10T10:00:00,eng_lab,72.9818
2026-01-10T10:15:00,eng_lab,70.0936
2026-01-10T10:30:00,eng_lab,69.9575
2026-01-10T10:45:00,eng_lab,68.9983
2026-01-10T11:00:00,eng_lab,68.5524
2026-01-10T11:15:00,eng_lab,71.8802
2026-01-10T11:30:00,eng_lab,70.0634
2026-01-10T11:45:00,eng_lab,68.7907
2026-01-10T12:00:00,eng_lab,70.0734
2026-01-10T12:15:00,eng_lab,71.3649
2026-01-10T12:30:00,eng_lab,72.1408
2026-01-10T12:45:00,eng_lab,73.7658
2026-01-10T13:00:00,eng_lab,69.9311
2026-01-10T13:15:00,eng_lab,64.6819
2026-01-10T13:30:00,eng_lab,66.4789
2026-01-10T13:45:00,eng_lab,91.9876
2026-01-10T14:00:00,eng_lab,94.1360
2026-01-10T14:15:00,eng_lab,68.3008
2026-01-10T14:30:00,eng_lab,66.6638
2026-01-10T14:45:00,eng_lab,63.8308
2026-01-10T15:00:00,eng_lab,64.9687
2026-01-10T15:15:00,eng_lab,65.7883
2026-01-10T15:30:00,eng_lab,68.2528
2026-01-10T15:45:00,eng_lab,68.4162
2026-01-10T16:00:00,eng_lab,69.3609
2026-01-10T16:15:00,eng_lab,73.3788
2026-01-10T16:30:00,eng_lab,72.0342
2026-01-10T16:45:00,eng_lab,75.2265
2026-01-10T17:00:00,eng_lab,69.2166
2026-01-10T17:15:00,eng_lab,68.4572
2026-01-10T17:30:00,eng_lab,65.6807
2026-01-10T17:45:00,eng_lab,59.4530
2026-01-10T18:00:00,eng_lab,58.0588
2026-01-10T18:15:00,eng_lab,58.8386
2026-01-10T18:30:00,eng_lab,57.0457
2026-01-10T18:45:00,eng_lab,56.9803
2026-01-10T19:00:00,eng_lab,57.3813
2026-01-10T19:15:00,eng_lab,56.9165
2026-01-10T19:30:00,eng_lab,55.3804
2026-01-10T19:45:00,eng_lab,57.7379
2026-01-10T20:00:00,eng_lab,54.8795
2026-01-10T20:15:00,eng_lab,56.6443
2026-01-10T20:30:00,eng_lab,54.4184
2026-01-10T20:45:00,eng_lab,51.3444
2026-01-10T21:00:00,eng_lab,49.9036
2026-01-10T21:15:00,eng_lab,49.5912
2026-01-10T21:30:00,eng_lab,48.7892
2026-01-10T21:45:00,eng_lab,48.9229
2026-01-10T22:00:00,eng_lab,47.9737
2026-01-10T22:15:00,eng_lab,48.8264
2026-01-10T22:30:00,eng_lab,48.0065
2026-01-10T22:45:00,eng_lab,45.8075
2026-01-10T23:00:00,eng_lab,45.3479
2026-01-10T23:15:00,eng_lab,45.7402
2026-01-10T23:30:00,eng_lab,43.2758
2026-01-10T23:45:00,eng_lab,43.7336
2026-01-11T00:00:00,eng_lab,44.3968
2026-01-11T00:15:00,eng_lab,45.5084
2026-01-11T00:30:00,eng_lab,46.2071
2026-01-11T00:45:00,eng_lab,45.2272
2026-01-11T01:00:00,eng_lab,45.0446
2026-01-11T01:15:00,eng_lab,45.4354
2026-01-11T01:30:00,eng_lab,45.3916
2026-01-11T01:45:00,eng_lab,46.6532
2026-01-11T02:00:00,eng_lab,44.5830
2026-01-11T02:15:00,eng_lab,42.6700
2026-01-11T02:30:00,eng_lab,47.2469
2026-01-11T02:45:00,eng_lab,48.2412
2026-01-11T03:00:00,eng_lab,46.7917
2026-01-11T03:15:00,eng_lab,46.7186
2026-01-11T03:30:00,eng_lab,47.3519
2026-01-11T03:45:00,eng_lab,48.0055
2026-01-11T04:00:00,eng_lab,48.4714
2026-01-11T04:15:00,eng_lab,46.7322
2026-01-11T04:30:00,eng_lab,45.6786
2026-01-11T04:45:00,eng_lab,44.5749
2026-01-11T05:00:00,eng_lab,45.1438
2026-01-11T05:15:00,eng_lab,44.4890
2026-01-11T05:30:00,eng_lab,44.1064
2026-01-11T05:45:00,eng_lab,45.2391
2026-01-11T06:00:00,eng_lab,45.3392
2026-01-11T06:15:00,eng_lab,47.1039
2026-01-11T06:30:00,eng_lab,45.2371
2026-01-11T06:45:00,eng_lab,43.9943
2026-01-11T07:00:00,eng_lab,45.3100
2026-01-11T07:15:00,eng_lab,46.9540
2026-01-11T07:30:00,eng_lab,46.5425
2026-01-11T07:45:00,eng_lab,45.7425
2026-01-11T08:00:00,eng_lab,50.5267
2026-01-11T08:15:00,eng_lab,52.5297
2026-01-11T08:30:00,eng_lab,52.9261
2026-01-11T08:45:00,eng_lab,55.7965
2026-01-11T09:00:00,eng_lab,61.0093
2026-01-11T09:15:00,eng_lab,62.4811
2026-01-11T09:30:00,eng_lab,63.0220
2026-01-11T09:45:00,eng_lab,70.0346
2026-01-11T10:00:00,eng_lab,73.3347
2026-01-11T10:15:00,eng_lab,71.9817
2026-01-11T10:30:00,eng_lab,74.7393
2026-01-11T10:45:00,eng_lab,70.9323
2026-01-11T11:00:00,eng_lab,69.6174
2026-01-11T11:15:00,eng_lab,69.0438
2026-01-11T11:30:00,eng_lab,66.5422
2026-01-11T11:45:00,eng_lab,67.5799
2026-01-11T12:00:00,eng_lab,67.2940
2026-01-11T12:15:00,eng_lab,66.0366
2026-01-11T12:30:00,eng_lab,88.0958
2026-01-11T12:45:00,eng_lab,89.7379
2026-01-11T13:00:00,eng_lab,66.0011
2026-01-11T13:15:00,eng_lab,65.8082
2026-01-11T13:30:00,eng_lab,63.0164
2026-01-11T13:45:00,eng_lab,67.3623
2026-01-11T14:00:00,eng_lab,71.0742
2026-01-11T14:15:00,eng_lab,70.9848
2026-01-11T14:30:00,eng_lab,71.9344
2026-01-11T14:45:00,eng_lab,73.9421
2026-01-11T15:00:00,eng_lab,72.8445
2026-01-11T15:15:00,eng_lab,98.9459
2026-01-11T15:30:00,eng_lab,98.7595
2026-01-11T15:45:00,eng_lab,71.8708
2026-01-11T16:00:00,eng_lab,69.8356
2026-01-11T16:15:00,eng_lab,72.0066
2026-01-11T16:30:00,eng_lab,71.0549
2026-01-11T16:45:00,eng_lab,70.7607
2026-01-11T17:00:00,eng_lab,68.0571
2026-01-11T17:15:00,eng_lab,64.1262
2026-01-11T17:30:00,eng_lab,60.6519
2026-01-11T17:45:00,eng_lab,56.2429
2026-01-11T18:00:00,eng_lab,55.0240
2026-01-11T18:15:00,eng_lab,54.8529
2026-01-11T18:30:00,eng_lab,54.8110
2026-01-11T18:45:00,eng_lab,55.1037
2026-01-11T19:00:00,eng_lab,54.8414
2026-01-11T19:15:00,eng_lab,54.4668
2026-01-11T19:30:00,eng_lab,53.7293
2026-01-11T19:45:00,eng_lab,52.8808
2026-01-11T20:00:00,eng_lab,53.3562
2026-01-11T20:15:00,eng_lab,53.5025
2026-01-11T20:30:00,eng_lab,52.8026
2026-01-11T20:45:00,eng_lab,53.3810
2026-01-11T21:00:00,eng_lab,51.9752
2026-01-11T21:15:00,eng_lab,48.5018
2026-01-11T21:30:00,eng_lab,48.4361
2026-01-11T21:45:00,eng_lab,48.7378
2026-01-11T22:00:00,eng_lab,47.6973
2026-01-11T22:15:00,eng_lab,46.8596
2026-01-11T22:30:00,eng_lab,47.5159
2026-01-11T22:45:00,eng_lab,46.5328
2026-01-11T23:00:00,eng_lab,45.1160
2026-01-11T23:15:00,eng_lab,45.4541
2026-01-11T23:30:00,eng_lab,44.9791
2026-01-11T23:45:00,eng_lab,45.6702
2026-01-05T00:00:00,academic_block,10.6551
2026-01-05T00:15:00,academic_block,10.4589
2026-01-05T00:30:00,academic_block,10.2848
2026-01-05T00:45:00,academic_block,11.3221
2026-01-05T01:00:00,academic_block,11.5802
2026-01-05T01:15:00,academic_block,10.9445
2026-01-05T01:30:00,academic_block,10.9205
2026-01-05T01:45:00,academic_block,10.6791
2026-01-05T02:00:00,academic_block,10.8734
2026-01-05T02:15:00,academic_block,10.6586
2026-01-05T02:30:00,academic_block,10.8034
2026-01-05T02:45:00,academic_block,11.1571
2026-01-05T03:00:00,academic_block,11.0822
2026-01-05T03:15:00,academic_block,11.0127
2026-01-05T03:30:00,academic_block,11.2831
2026-01-05T03:45:00,academic_block,10.8653
2026-01-05T04:00:00,academic_block,10.5519
2026-01-05T04:15:00,academic_block,10.7642
2026-01-05T04:30:00,academic_block,10.8889
2026-01-05T04:45:00,academic_block,10.6127
2026-01-05T05:00:00,academic_block,10.0431
2026-01-05T05:15:00,academic_block,10.3172
2026-01-05T05:30:00,academic_block,10.5462
2026-01-05T05:45:00,academic_block,10.4544
2026-01-05T06:00:00,academic_block,10.9104
2026-01-05T06:15:00,academic_block,10.2968
2026-01-05T06:30:00,academic_block,11.1231
2026-01-05T06:45:00,academic_block,10.9392
2026-01-05T07:00:00,academic_block,20.7815
2026-01-05T07:15:00,academic_block,29.0860
2026-01-05T07:30:00,academic_block,39.5391
2026-01-05T07:45:00,academic_block,49.1597
2026-01-05T08:00:00,academic_block,78.7888
2026-01-05T08:15:00,academic_block,93.5843
2026-01-05T08:30:00,academic_block,110.3069
2026-01-05T08:45:00,academic_block,134.9192
2026-01-05T09:00:00,academic_block,146.8993
2026-01-05T09:15:00,academic_block,149.3161
2026-01-05T09:30:00,academic_block,154.3151
2026-01-05T09:45:00,academic_block,143.6474
2026-01-05T10:00:00,academic_block,148.6432
2026-01-05T10:15:00,academic_block,143.3031
2026-01-05T10:30:00,academic_block,145.1929
2026-01-05T10:45:00,academic_block,143.0856
2026-01-05T11:00:00,academic_block,153.5909
2026-01-05T11:15:00,academic_block,150.3022
2026-01-05T11:30:00,academic_block,144.8638
2026-01-05T11:45:00,academic_block,157.7636
2026-01-05T12:00:00,academic_block,144.8204
2026-01-05T12:15:00,academic_block,132.6673
2026-01-05T12:30:00,academic_block,120.5293
2026-01-05T12:45:00,academic_block,107.4888
2026-01-05T13:00:00,academic_block,104.6615
2026-01-05T13:15:00,academic_block,113.3625
2026-01-05T13:30:00,academic_block,119.3504
2026-01-05T13:45:00,academic_block,116.0562
2026-01-05T14:00:00,academic_block,121.9167
2026-01-05T14:15:00,academic_block,125.6995
2026-01-05T14:30:00,academic_block,130.2101
2026-01-05T14:45:00,academic_block,130.7907
2026-01-05T15:00:00,academic_block,134.0780
2026-01-05T15:15:00,academic_block,126.8044
2026-01-05T15:30:00,academic_block,126.1202
2026-01-05T15:45:00,academic_block,130.5395
2026-01-05T16:00:00,academic_block,126.8454
2026-01-05T16:15:00,academic_block,126.5590
2026-01-05T16:30:00,academic_block,112.2070
2026-01-05T16:45:00,academic_block,95.9746
2026-01-05T17:00:00,academic_block,76.7465
2026-01-05T17:15:00,academic_block,60.7806
2026-01-05T17:30:00,academic_block,42.0465
2026-01-05T17:45:00,academic_block,42.2398
2026-01-05T18:00:00,academic_block,41.5379
2026-01-05T18:15:00,academic_block,40.9782
2026-01-05T18:30:00,academic_block,37.9955
2026-01-05T18:45:00,academic_block,29.7475
2026-01-05T19:00:00,academic_block,24.1104
2026-01-05T19:15:00,academic_block,17.1263
2026-01-05T19:30:00,academic_block,10.8483
2026-01-05T19:45:00,academic_block,11.0637
2026-01-05T20:00:00,academic_block,10.7939
2026-01-05T20:15:00,academic_block,10.6768
2026-01-05T20:30:00,academic_block,10.5592
2026-01-05T20:45:00,academic_block,10.6339
2026-01-05T21:00:00,academic_block,10.9356
2026-01-05T21:15:00,academic_block,10.4222
2026-01-05T21:30:00,academic_block,10.9500
2026-01-05T21:45:00,academic_block,11.0229
2026-01-05T22:00:00,academic_block,10.9456
2026-01-05T22:15:00,academic_block,11.1834
2026-01-05T22:30:00,academic_block,11.5469
2026-01-05T22:45:00,academic_block,11.2671
2026-01-05T23:00:00,academic_block,11.0825
2026-01-05T23:15:00,academic_block,10.2187
2026-01-05T23:30:00,academic_block,10.3906
2026-01-05T23:45:00,academic_block,10.6621
2026-01-06T00:00:00,academic_block,10.6025
2026-01-06T00:15:00,academic_block,11.0591
2026-01-06T00:30:00,academic_block,11.6129
2026-01-06T00:45:00,academic_block,10.9539
2026-01-06T01:00:00,academic_block,11.1999
2026-01-06T01:15:00,academic_block,10.6564
2026-01-06T01:30:00,academic_block,10.4548
2026-01-06T01:45:00,academic_block,10.4113
2026-01-06T02:00:00,academic_block,10.6353
2026-01-06T02:15:00,academic_block,10.2131
2026-01-06T02:30:00,academic_block,9.9049
2026-01-06T02:45:00,academic_block,10.5277
2026-01-06T03:00:00,academic_block,10.8851
2026-01-06T03:15:00,academic_block,10.8300
2026-01-06T03:30:00,academic_block,10.5665
2026-01-06T03:45:00,academic_block,10.7177
2026-01-06T04:00:00,academic_block,11.2063
2026-01-06T04:15:00,academic_block,10.9375
2026-01-06T04:30:00,academic_block,11.2978
2026-01-06T04:45:00,academic_block,10.9392
2026-01-06T05:00:00,academic_block,10.7099
2026-01-06T05:15:00,academic_block,10.5249
2026-01-06T05:30:00,academic_block,10.9120
2026-01-06T05:45:00,academic_block,11.5866
2026-01-06T06:00:00,academic_block,11.5172
2026-01-06T06:15:00,academic_block,11.3880
2026-01-06T06:30:00,academic_block,11.1236
2026-01-06T06:45:00,academic_block,11.2911
2026-01-06T07:00:00,academic_block,21.5286
2026-01-06T07:15:00,academic_block,31.5923
2026-01-06T07:30:00,academic_block,39.9158
2026-01-06T07:45:00,academic_block,50.3216
2026-01-06T08:00:00,academic_block,77.1035
2026-01-06T08:15:00,academic_block,94.1170
2026-01-06T08:30:00,academic_block,113.9539
2026-01-06T08:45:00,academic_block,127.5407
2026-01-06T09:00:00,academic_block,145.8610
2026-01-06T09:15:00,academic_block,146.8340
2026-01-06T09:30:00,academic_block,142.5018
2026-01-06T09:45:00,academic_block,141.9833
2026-01-06T10:00:00,academic_block,148.1186
2026-01-06T10:15:00,academic_block,143.3359
2026-01-06T10:30:00,academic_block,144.2241
2026-01-06T10:45:00,academic_block,142.6958
2026-01-06T11:00:00,academic_block,136.7084
2026-01-06T11:15:00,academic_block,142.8853
2026-01-06T11:30:00,academic_block,150.2081
2026-01-06T11:45:00,academic_block,142.3426
2026-01-06T12:00:00,academic_block,130.9169
2026-01-06T12:15:00,academic_block,120.4766
2026-01-06T12:30:00,academic_block,111.1688
2026-01-06T12:45:00,academic_block,100.7633
2026-01-06T13:00:00,academic_block,102.2508
2026-01-06T13:15:00,academic_block,109.7674
2026-01-06T13:30:00,academic_block,113.8527
2026-01-06T13:45:00,academic_block,122.9895
2026-01-06T14:00:00,academic_block,129.8307
2026-01-06T14:15:00,academic_block,128.4343
2026-01-06T14:30:00,academic_block,124.4882
2026-01-06T14:45:00,academic_block,130.7456
2026-01-06T15:00:00,academic_block,133.8669
2026-01-06T15:15:00,academic_block,139.4496
2026-01-06T15:30:00,academic_block,134.7379
2026-01-06T15:45:00,academic_block,134.8322
2026-01-06T16:00:00,academic_block,134.4665
2026-01-06T16:15:00,academic_block,137.9652
2026-01-06T16:30:00,academic_block,113.3103
2026-01-06T16:45:00,academic_block,91.9114
2026-01-06T17:00:00,academic_block,75.1456
2026-01-06T17:15:00,academic_block,58.2047
2026-01-06T17:30:00,academic_block,44.6796
2026-01-06T17:45:00,academic_block,46.3816
2026-01-06T18:00:00,academic_block,47.5478
2026-01-06T18:15:00,academic_block,43.9847
2026-01-06T18:30:00,academic_block,38.5765
2026-01-06T18:45:00,academic_block,29.4140
2026-01-06T19:00:00,academic_block,22.9355
2026-01-06T19:15:00,academic_block,18.0936
2026-01-06T19:30:00,academic_block,11.8044
2026-01-06T19:45:00,academic_block,10.3910
2026-01-06T20:00:00,academic_block,10.2773
2026-01-06T20:15:00,academic_block,9.8362
2026-01-06T20:30:00,academic_block,10.2944
2026-01-06T20:45:00,academic_block,10.1031
2026-01-06T21:00:00,academic_block,10.1669
2026-01-06T21:15:00,academic_block,10.8247
2026-01-06T21:30:00,academic_block,11.3017
2026-01-06T21:45:00,academic_block,10.4528
2026-01-06T22:00:00,academic_block,11.1018
2026-01-06T22:15:00,academic_block,10.9333
2026-01-06T22:30:00,academic_block,11.3949
2026-01-06T22:45:00,academic_block,10.5726
2026-01-06T23:00:00,academic_block,10.7569
2026-01-06T23:15:00,academic_block,10.7313
2026-01-06T23:30:00,academic_block,10.8543
2026-01-06T23:45:00,academic_block,10.5887
2026-01-07T00:00:00,academic_block,10.7246
2026-01-07T00:15:00,academic_block,11.0039
2026-01-07T00:30:00,academic_block,11.2185
2026-01-07T00:45:00,academic_block,11.0404
2026-01-07T01:00:00,academic_block,10.8012
2026-01-07T01:15:00,academic_block,10.6533
2026-01-07T01:30:00,academic_block,10.4014
2026-01-07T01:45:00,academic_block,10.9885
2026-01-07T02:00:00,academic_block,11.2048
2026-01-07T02:15:00,academic_block,11.0929
2026-01-07T02:30:00,academic_block,10.8046
2026-01-07T02:45:00,academic_block,10.3220
2026-01-07T03:00:00,academic_block,10.5039
2026-01-07T03:15:00,academic_block,10.3555
2026-01-07T03:30:00,academic_block,10.1035
2026-01-07T03:45:00,academic_block,9.8619
2026-01-07T04:00:00,academic_block,9.6935
2026-01-07T04:15:00,academic_block,10.1577
2026-01-07T04:30:00,academic_block,10.2231
2026-01-07T04:45:00,academic_block,9.8077
2026-01-07T05:00:00,academic_block,9.6989
2026-01-07T05:15:00,academic_block,9.6283
2026-01-07T05:30:00,academic_block,10.1468
2026-01-07T05:45:00,academic_block,10.2539
2026-01-07T06:00:00,academic_block,10.4174
2026-01-07T06:15:00,academic_block,10.7280
2026-01-07T06:30:00,academic_block,10.9610
2026-01-07T06:45:00,academic_block,10.3558
2026-01-07T07:00:00,academic_block,19.3765
2026-01-07T07:15:00,academic_block,27.7112
2026-01-07T07:30:00,academic_block,38.1220
2026-01-07T07:45:00,academic_block,46.1351
2026-01-07T08:00:00,academic_block,74.6085
2026-01-07T08:15:00,academic_block,90.5429
2026-01-07T08:30:00,academic_block,112.6607
2026-01-07T08:45:00,academic_block,125.6209
2026-01-07T09:00:00,academic_block,145.2031
2026-01-07T09:15:00,academic_block,151.8987
2026-01-07T09:30:00,academic_block,150.0662
2026-01-07T09:45:00,academic_block,149.3423
2026-01-07T10:00:00,academic_block,148.9571
2026-01-07T10:15:00,academic_block,151.5491
2026-01-07T10:30:00,academic_block,147.7715
2026-01-07T10:45:00,academic_block,146.9071
2026-01-07T11:00:00,academic_block,154.6593
2026-01-07T11:15:00,academic_block,150.9861
2026-01-07T11:30:00,academic_block,150.0499
2026-01-07T11:45:00,academic_block,147.4173
2026-01-07T12:00:00,academic_block,133.3823
2026-01-07T12:15:00,academic_block,126.2796
2026-01-07T12:30:00,academic_block,110.7572
2026-01-07T12:45:00,academic_block,103.2150
2026-01-07T13:00:00,academic_block,101.7668
2026-01-07T13:15:00,academic_block,103.6225
2026-01-07T13:30:00,academic_block,110.2447
2026-01-07T13:45:00,academic_block,117.7882
2026-01-07T14:00:00,academic_block,132.6272
2026-01-07T14:15:00,academic_block,123.0414
2026-01-07T14:30:00,academic_block,129.3381
2026-01-07T14:45:00,academic_block,126.8250
2026-01-07T15:00:00,academic_block,126.5870
2026-01-07T15:15:00,academic_block,123.8323
2026-01-07T15:30:00,academic_block,126.2094
2026-01-07T15:45:00,academic_block,130.7410
2026-01-07T16:00:00,academic_block,137.4896
2026-01-07T16:15:00,academic_block,137.0286
2026-01-07T16:30:00,academic_block,113.8301
2026-01-07T16:45:00,academic_block,93.5853
2026-01-07T17:00:00,academic_block,69.3218
2026-01-07T17:15:00,academic_block,57.6209
2026-01-07T17:30:00,academic_block,40.2266
2026-01-07T17:45:00,academic_block,39.8713
2026-01-07T18:00:00,academic_block,40.9815
2026-01-07T18:15:00,academic_block,40.1751
2026-01-07T18:30:00,academic_block,33.9869
2026-01-07T18:45:00,academic_block,30.0139
2026-01-07T19:00:00,academic_block,24.1791
2026-01-07T19:15:00,academic_block,17.1458
2026-01-07T19:30:00,academic_block,10.8474
2026-01-07T19:45:00,academic_block,10.5503
2026-01-07T20:00:00,academic_block,11.1084
2026-01-07T20:15:00,academic_block,11.5334
2026-01-07T20:30:00,academic_block,10.7334
2026-01-07T20:45:00,academic_block,10.6402
2026-01-07T21:00:00,academic_block,10.7815
2026-01-07T21:15:00,academic_block,10.0907
2026-01-07T21:30:00,academic_block,9.7906
2026-01-07T21:45:00,academic_block,10.0944
2026-01-07T22:00:00,academic_block,10.2397
2026-01-07T22:15:00,academic_block,11.0848
2026-01-07T22:30:00,academic_block,10.8215
2026-01-07T22:45:00,academic_block,10.2047
2026-01-07T23:00:00,academic_block,10.7720
2026-01-07T23:15:00,academic_block,10.9877
2026-01-07T23:30:00,academic_block,10.7889
2026-01-07T23:45:00,academic_block,10.3763
2026-01-08T00:00:00,academic_block,10.3007
2026-01-08T00:15:00,academic_block,11.2144
2026-01-08T00:30:00,academic_block,10.9242
2026-01-08T00:45:00,academic_block,11.2136
2026-01-08T01:00:00,academic_block,10.6928
2026-01-08T01:15:00,academic_block,10.9851
2026-01-08T01:30:00,academic_block,11.0788
2026-01-08T01:45:00,academic_block,10.9632
2026-01-08T02:00:00,academic_block,10.2816
2026-01-08T02:15:00,academic_block,9.5290
2026-01-08T02:30:00,academic_block,9.7581
2026-01-08T02:45:00,academic_block,10.5122
2026-01-08T03:00:00,academic_block,10.2931
2026-01-08T03:15:00,academic_block,11.3116
2026-01-08T03:30:00,academic_block,10.8554
2026-01-08T03:45:00,academic_block,10.5074
2026-01-08T04:00:00,academic_block,10.4310
2026-01-08T04:15:00,academic_block,10.6876
2026-01-08T04:30:00,academic_block,11.1186
2026-01-08T04:45:00,academic_block,10.6488
2026-01-08T05:00:00,academic_block,11.1645
2026-01-08T05:15:00,academic_block,11.2303
2026-01-08T05:30:00,academic_block,11.4497
2026-01-08T05:45:00,academic_block,10.4742
2026-01-08T06:00:00,academic_block,10.8204
2026-01-08T06:15:00,academic_block,10.2443
2026-01-08T06:30:00,academic_block,10.0852
2026-01-08T06:45:00,academic_block,9.9897
2026-01-08T07:00:00,academic_block,18.7942
2026-01-08T07:15:00,academic_block,28.0142
2026-01-08T07:30:00,academic_block,37.9056
2026-01-08T07:45:00,academic_block,48.7534
2026-01-08T08:00:00,academic_block,77.1709
2026-01-08T08:15:00,academic_block,96.8525
2026-01-08T08:30:00,academic_block,109.8414
2026-01-08T08:45:00,academic_block,121.4296
2026-01-08T09:00:00,academic_block,143.4539
2026-01-08T09:15:00,academic_block,138.1869
2026-01-08T09:30:00,academic_block,138.7632
2026-01-08T09:45:00,academic_block,139.9519
2026-01-08T10:00:00,academic_block,143.3495
2026-01-08T10:15:00,academic_block,150.2735
2026-01-08T10:30:00,academic_block,146.1507
2026-01-08T10:45:00,academic_block,143.6745
2026-01-08T11:00:00,academic_block,146.0123
2026-01-08T11:15:00,academic_block,147.8906
2026-01-08T11:30:00,academic_block,143.7662
2026-01-08T11:45:00,academic_block,143.1465
2026-01-08T12:00:00,academic_block,131.5123
2026-01-08T12:15:00,academic_block,120.0652
2026-01-08T12:30:00,academic_block,103.1658
2026-01-08T12:45:00,academic_block,91.1021
2026-01-08T13:00:00,academic_block,95.8423
2026-01-08T13:15:00,academic_block,99.2443
2026-01-08T13:30:00,academic_block,106.0527
2026-01-08T13:45:00,academic_block,114.1609
2026-01-08T14:00:00,academic_block,124.9164
2026-01-08T14:15:00,academic_block,123.0424
2026-01-08T14:30:00,academic_block,135.7812
2026-01-08T14:45:00,academic_block,140.6013
2026-01-08T15:00:00,academic_block,145.1534
2026-01-08T15:15:00,academic_block,147.3069
2026-01-08T15:30:00,academic_block,144.5884
2026-01-08T15:45:00,academic_block,137.0611
2026-01-08T16:00:00,academic_block,127.8113
2026-01-08T16:15:00,academic_block,132.8707
2026-01-08T16:30:00,academic_block,118.8418
2026-01-08T16:45:00,academic_block,98.0641
2026-01-08T17:00:00,academic_block,79.9914
2026-01-08T17:15:00,academic_block,63.0481
2026-01-08T17:30:00,academic_block,44.2419
2026-01-08T17:45:00,academic_block,45.2270
2026-01-08T18:00:00,academic_block,42.5112
2026-01-08T18:15:00,academic_block,41.9180
2026-01-08T18:30:00,academic_block,33.2404
2026-01-08T18:45:00,academic_block,27.1520
2026-01-08T19:00:00,academic_block,21.4582
2026-01-08T19:15:00,academic_block,15.0362
2026-01-08T19:30:00,academic_block,9.2464
2026-01-08T19:45:00,academic_block,9.2138
2026-01-08T20:00:00,academic_block,9.2653
2026-01-08T20:15:00,academic_block,9.5370
2026-01-08T20:30:00,academic_block,9.4547
2026-01-08T20:45:00,academic_block,9.9158
2026-01-08T21:00:00,academic_block,10.0006
2026-01-08T21:15:00,academic_block,10.6040
2026-01-08T21:30:00,academic_block,10.6596
2026-01-08T21:45:00,academic_block,10.6854
2026-01-08T22:00:00,academic_block,10.4454
2026-01-08T22:15:00,academic_block,10.9294
2026-01-08T22:30:00,academic_block,11.0902
2026-01-08T22:45:00,academic_block,10.1742
2026-01-08T23:00:00,academic_block,10.2599
2026-01-08T23:15:00,academic_block,10.9628
2026-01-08T23:30:00,academic_block,11.5525
2026-01-08T23:45:00,academic_block,11.5266
2026-01-09T00:00:00,academic_block,11.2120
2026-01-09T00:15:00,academic_block,11.0661
2026-01-09T00:30:00,academic_block,10.4295
2026-01-09T00:45:00,academic_block,10.1268
2026-01-09T01:00:00,academic_block,10.3686
2026-01-09T01:15:00,academic_block,10.9635
2026-01-09T01:30:00,academic_block,10.9198
2026-01-09T01:45:00,academic_block,11.5671
2026-01-09T02:00:00,academic_block,11.3054
2026-01-09T02:15:00,academic_block,11.0889
2026-01-09T02:30:00,academic_block,11.4111
2026-01-09T02:45:00,academic_block,11.0801
2026-01-09T03:00:00,academic_block,11.0914
2026-01-09T03:15:00,academic_block,11.0694
2026-01-09T03:30:00,academic_block,11.1196
2026-01-09T03:45:00,academic_block,10.6850
2026-01-09T04:00:00,academic_block,10.4927
2026-01-09T04:15:00,academic_block,10.1382
2026-01-09T04:30:00,academic_block,10.8850
2026-01-09T04:45:00,academic_block,11.2362
2026-01-09T05:00:00,academic_block,10.4686
2026-01-09T05:15:00,academic_block,10.4940
2026-01-09T05:30:00,academic_block,11.5386
2026-01-09T05:45:00,academic_block,11.5402
2026-01-09T06:00:00,academic_block,11.2764
2026-01-09T06:15:00,academic_block,11.0392
2026-01-09T06:30:00,academic_block,11.2671
2026-01-09T06:45:00,academic_block,10.8631
2026-01-09T07:00:00,academic_block,19.7787
2026-01-09T07:15:00,academic_block,28.4264
2026-01-09T07:30:00,academic_block,38.7054
2026-01-09T07:45:00,academic_block,48.8236
2026-01-09T08:00:00,academic_block,75.0368
2026-01-09T08:15:00,academic_block,89.0058
2026-01-09T08:30:00,academic_block,92.6438
2026-01-09T08:45:00,academic_block,110.6788
2026-01-09T09:00:00,academic_block,139.7429
2026-01-09T09:15:00,academic_block,147.3428
2026-01-09T09:30:00,academic_block,159.6420
2026-01-09T09:45:00,academic_block,167.1690
2026-01-09T10:00:00,academic_block,158.2776
2026-01-09T10:15:00,academic_block,156.1066
2026-01-09T10:30:00,academic_block,153.7040
2026-01-09T10:45:00,academic_block,145.5472
2026-01-09T11:00:00,academic_block,139.8339
2026-01-09T11:15:00,academic_block,148.7578
2026-01-09T11:30:00,academic_block,144.2251
2026-01-09T11:45:00,academic_block,144.7809
2026-01-09T12:00:00,academic_block,130.3948
2026-01-09T12:15:00,academic_block,124.8195
2026-01-09T12:30:00,academic_block,110.8676
2026-01-09T12:45:00,academic_block,100.3949
2026-01-09T13:00:00,academic_block,101.1632
2026-01-09T13:15:00,academic_block,108.5187
2026-01-09T13:30:00,academic_block,119.5305
2026-01-09T13:45:00,academic_block,122.4026
2026-01-09T14:00:00,academic_block,124.8264
2026-01-09T14:15:00,academic_block,124.5560
2026-01-09T14:30:00,academic_block,124.2176
2026-01-09T14:45:00,academic_block,128.5063
2026-01-09T15:00:00,academic_block,135.7649
2026-01-09T15:15:00,academic_block,132.7285
2026-01-09T15:30:00,academic_block,134.9088
2026-01-09T15:45:00,academic_block,138.7470
2026-01-09T16:00:00,academic_block,136.3881
2026-01-09T16:15:00,academic_block,131.2427
2026-01-09T16:30:00,academic_block,110.6510
2026-01-09T16:45:00,academic_block,93.6929
2026-01-09T17:00:00,academic_block,80.2219
2026-01-09T17:15:00,academic_block,59.5424
2026-01-09T17:30:00,academic_block,42.7886
2026-01-09T17:45:00,academic_block,45.2027
2026-01-09T18:00:00,academic_block,41.1899
2026-01-09T18:15:00,academic_block,43.8301
2026-01-09T18:30:00,academic_block,39.1796
2026-01-09T18:45:00,academic_block,31.0257
2026-01-09T19:00:00,academic_block,24.8494
2026-01-09T19:15:00,academic_block,18.0864
2026-01-09T19:30:00,academic_block,10.9355
2026-01-09T19:45:00,academic_block,11.4481
2026-01-09T20:00:00,academic_block,11.3873
2026-01-09T20:15:00,academic_block,11.0418
2026-01-09T20:30:00,academic_block,11.4861
2026-01-09T20:45:00,academic_block,11.8469
2026-01-09T21:00:00,academic_block,11.5907
2026-01-09T21:15:00,academic_block,11.4452
2026-01-09T21:30:00,academic_block,10.6457
2026-01-09T21:45:00,academic_block,10.6514
2026-01-09T22:00:00,academic_block,11.3150
2026-01-09T22:15:00,academic_block,10.9571
2026-01-09T22:30:00,academic_block,10.3953
2026-01-09T22:45:00,academic_block,9.9325
2026-01-09T23:00:00,academic_block,9.3603
2026-01-09T23:15:00,academic_block,9.6681
2026-01-09T23:30:00,academic_block,9.4044
2026-01-09T23:45:00,academic_block,10.2296
2026-01-10T00:00:00,academic_block,10.2871
2026-01-10T00:15:00,academic_block,10.2674
2026-01-10T00:30:00,academic_block,10.6463
2026-01-10T00:45:00,academic_block,10.2347
2026-01-10T01:00:00,academic_block,9.8150
2026-01-10T01:15:00,academic_block,9.8462
2026-01-10T01:30:00,academic_block,10.3424
2026-01-10T01:45:00,academic_block,10.2332
2026-01-10T02:00:00,academic_block,10.6128
2026-01-10T02:15:00,academic_block,10.1532
2026-01-10T02:30:00,academic_block,10.1640
2026-01-10T02:45:00,academic_block,9.9962
2026-01-10T03:00:00,academic_block,10.3110
2026-01-10T03:15:00,academic_block,10.4411
2026-01-10T03:30:00,academic_block,10.2872
2026-01-10T03:45:00,academic_block,9.7638
2026-01-10T04:00:00,academic_block,9.9595
2026-01-10T04:15:00,academic_block,9.9070
2026-01-10T04:30:00,academic_block,10.1337
2026-01-10T04:45:00,academic_block,10.1640
2026-01-10T05:00:00,academic_block,10.4866
2026-01-10T05:15:00,academic_block,10.6293
2026-01-10T05:30:00,academic_block,10.8317
2026-01-10T05:45:00,academic_block,10.6825
2026-01-10T06:00:00,academic_block,10.4288
2026-01-10T06:15:00,academic_block,10.5522
2026-01-10T06:30:00,academic_block,10.8418
2026-01-10T06:45:00,academic_block,11.1659
2026-01-10T07:00:00,academic_block,12.1241
2026-01-10T07:15:00,academic_block,13.0760
2026-01-10T07:30:00,academic_block,13.8483
2026-01-10T07:45:00,academic_block,14.7503
2026-01-10T08:00:00,academic_block,17.9273
2026-01-10T08:15:00,academic_block,18.8450
2026-01-10T08:30:00,academic_block,20.5311
2026-01-10T08:45:00,academic_block,21.7650
2026-01-10T09:00:00,academic_block,24.4530
2026-01-10T09:15:00,academic_block,24.0012
2026-01-10T09:30:00,academic_block,23.3429
2026-01-10T09:45:00,academic_block,22.5297
2026-01-10T10:00:00,academic_block,22.2156
2026-01-10T10:15:00,academic_block,22.5375
2026-01-10T10:30:00,academic_block,21.7824
2026-01-10T10:45:00,academic_block,22.3885
2026-01-10T11:00:00,academic_block,24.4732
2026-01-10T11:15:00,academic_block,24.2498
2026-01-10T11:30:00,academic_block,24.5314
2026-01-10T11:45:00,academic_block,23.4884
2026-01-10T12:00:00,academic_block,22.3290
2026-01-10T12:15:00,academic_block,20.9035
2026-01-10T12:30:00,academic_block,20.8250
2026-01-10T12:45:00,academic_block,19.2092
2026-01-10T13:00:00,academic_block,20.0881
2026-01-10T13:15:00,academic_block,20.4417
2026-01-10T13:30:00,academic_block,22.0213
2026-01-10T13:45:00,academic_block,23.0261
2026-01-10T14:00:00,academic_block,23.9088
2026-01-10T14:15:00,academic_block,23.2722
2026-01-10T14:30:00,academic_block,21.7281
2026-01-10T14:45:00,academic_block,22.0570
2026-01-10T15:00:00,academic_block,21.1554
2026-01-10T15:15:00,academic_block,22.2595
2026-01-10T15:30:00,academic_block,23.3943
2026-01-10T15:45:00,academic_block,22.9232
2026-01-10T16:00:00,academic_block,23.1444
2026-01-10T16:15:00,academic_block,22.8263
2026-01-10T16:30:00,academic_block,20.4212
2026-01-10T16:45:00,academic_block,18.3154
2026-01-10T17:00:00,academic_block,16.4504
2026-01-10T17:15:00,academic_block,14.5754
2026-01-10T17:30:00,academic_block,13.8391
2026-01-10T17:45:00,academic_block,14.0629
2026-01-10T18:00:00,academic_block,14.4789
2026-01-10T18:15:00,academic_block,14.4835
2026-01-10T18:30:00,academic_block,13.3589
2026-01-10T18:45:00,academic_block,12.4169
2026-01-10T19:00:00,academic_block,10.9469
2026-01-10T19:15:00,academic_block,10.9737
2026-01-10T19:30:00,academic_block,10.2548
2026-01-10T19:45:00,academic_block,10.4309
2026-01-10T20:00:00,academic_block,10.1742
2026-01-10T20:15:00,academic_block,10.6577
2026-01-10T20:30:00,academic_block,10.8532
2026-01-10T20:45:00,academic_block,9.7937
2026-01-10T21:00:00,academic_block,9.5541
2026-01-10T21:15:00,academic_block,10.1548
2026-01-10T21:30:00,academic_block,11.0390
2026-01-10T21:45:00,academic_block,11.5237
2026-01-10T22:00:00,academic_block,11.2040
2026-01-10T22:15:00,academic_block,11.1182
2026-01-10T22:30:00,academic_block,10.7128
2026-01-10T22:45:00,academic_block,11.3974
2026-01-10T23:00:00,academic_block,11.0446
2026-01-10T23:15:00,academic_block,11.2846
2026-01-10T23:30:00,academic_block,11.0084
2026-01-10T23:45:00,academic_block,10.9783
2026-01-11T00:00:00,academic_block,10.2077
2026-01-11T00:15:00,academic_block,10.6564
2026-01-11T00:30:00,academic_block,10.7400
2026-01-11T00:45:00,academic_block,10.0006
2026-01-11T01:00:00,academic_block,10.0915
2026-01-11T01:15:00,academic_block,10.7628
2026-01-11T01:30:00,academic_block,10.7707
2026-01-11T01:45:00,academic_block,11.0097
2026-01-11T02:00:00,academic_block,10.4403
2026-01-11T02:15:00,academic_block,10.4778
2026-01-11T02:30:00,academic_block,10.7790
2026-01-11T02:45:00,academic_block,11.0279
2026-01-11T03:00:00,academic_block,10.3504
2026-01-11T03:15:00,academic_block,10.4783
2026-01-11T03:30:00,academic_block,11.3819
2026-01-11T03:45:00,academic_block,11.0974
2026-01-11T04:00:00,academic_block,10.6557
2026-01-11T04:15:00,academic_block,11.0586
2026-01-11T04:30:00,academic_block,10.9388
2026-01-11T04:45:00,academic_block,10.3843
2026-01-11T05:00:00,academic_block,10.8925
2026-01-11T05:15:00,academic_block,10.6920
2026-01-11T05:30:00,academic_block,11.4062
2026-01-11T05:45:00,academic_block,11.6296
2026-01-11T06:00:00,academic_block,11.6624
2026-01-11T06:15:00,academic_block,11.8670
2026-01-11T06:30:00,academic_block,11.8566
2026-01-11T06:45:00,academic_block,11.1421
2026-01-11T07:00:00,academic_block,12.2974
2026-01-11T07:15:00,academic_block,12.9534
2026-01-11T07:30:00,academic_block,13.6891
2026-01-11T07:45:00,academic_block,14.3793
2026-01-11T08:00:00,academic_block,16.4172
2026-01-11T08:15:00,academic_block,18.6213
2026-01-11T08:30:00,academic_block,19.9771
2026-01-11T08:45:00,academic_block,20.9340
2026-01-11T09:00:00,academic_block,24.2799
2026-01-11T09:15:00,academic_block,23.3711
2026-01-11T09:30:00,academic_block,24.5716
2026-01-11T09:45:00,academic_block,23.9201
2026-01-11T10:00:00,academic_block,23.4993
2026-01-11T10:15:00,academic_block,24.7292
2026-01-11T10:30:00,academic_block,23.6263
2026-01-11T10:45:00,academic_block,22.9283
2026-01-11T11:00:00,academic_block,22.3648
2026-01-11T11:15:00,academic_block,23.1171
2026-01-11T11:30:00,academic_block,24.1446
2026-01-11T11:45:00,academic_block,23.0434
2026-01-11T12:00:00,academic_block,23.4900
2026-01-11T12:15:00,academic_block,23.1614
2026-01-11T12:30:00,academic_block,21.9092
2026-01-11T12:45:00,academic_block,20.5420
2026-01-11T13:00:00,academic_block,21.1179
2026-01-11T13:15:00,academic_block,20.8324
2026-01-11T13:30:00,academic_block,21.5869
2026-01-11T13:45:00,academic_block,23.1688
2026-01-11T14:00:00,academic_block,23.1853
2026-01-11T14:15:00,academic_block,23.5050
2026-01-11T14:30:00,academic_block,23.0259
2026-01-11T14:45:00,academic_block,22.5818
2026-01-11T15:00:00,academic_block,22.2762
2026-01-11T15:15:00,academic_block,22.3085
2026-01-11T15:30:00,academic_block,23.0181
2026-01-11T15:45:00,academic_block,23.1041
2026-01-11T16:00:00,academic_block,22.4459
2026-01-11T16:15:00,academic_block,23.8670
2026-01-11T16:30:00,academic_block,20.7206
2026-01-11T16:45:00,academic_block,18.1393
2026-01-11T17:00:00,academic_block,17.7378
2026-01-11T17:15:00,academic_block,15.7574
2026-01-11T17:30:00,academic_block,14.6906
2026-01-11T17:45:00,academic_block,14.7628
2026-01-11T18:00:00,academic_block,14.9175
2026-01-11T18:15:00,academic_block,15.1342
2026-01-11T18:30:00,academic_block,14.1987
2026-01-11T18:45:00,academic_block,13.8913
2026-01-11T19:00:00,academic_block,13.0253
2026-01-11T19:15:00,academic_block,12.1862
2026-01-11T19:30:00,academic_block,10.7334
2026-01-11T19:45:00,academic_block,11.0862
2026-01-11T20:00:00,academic_block,10.1465
2026-01-11T20:15:00,academic_block,10.3136
2026-01-11T20:30:00,academic_block,10.0107
2026-01-11T20:45:00,academic_block,9.9415
2026-01-11T21:00:00,academic_block,9.1272
2026-01-11T21:15:00,academic_block,9.8837
2026-01-11T21:30:00,academic_block,10.0243
2026-01-11T21:45:00,academic_block,9.6703
2026-01-11T22:00:00,academic_block,9.9780
2026-01-11T22:15:00,academic_block,10.0116
2026-01-11T22:30:00,academic_block,10.3933
2026-01-11T22:45:00,academic_block,10.7591
2026-01-11T23:00:00,academic_block,10.6226
2026-01-11T23:15:00,academic_block,10.2904
2026-01-11T23:30:00,academic_block,10.6209
2026-01-11T23:45:00,academic_block,10.8256
